star,xslid,simbad,filename,ra,dec,teff,e_teff,logg,e_logg,feh,e_feh,comment
HD 224926,X0022,HD 224926,xsl_spectrum_X0022_merged_scl.fits,0.4560417,-3.0275,14448.0,391.0,3.700000047683716,0.23999999463558197,0.27000001072883606,0.07999999821186066,
HD 224926,X0224,HD 224926,xsl_spectrum_X0224_merged.fits,0.4560417,-3.0275,14448.0,391.0,3.700000047683716,0.23999999463558197,0.27000001072883606,0.07999999821186066,
HD 224926,X0280,HD 224926,xsl_spectrum_X0280_merged.fits,0.4560417,-3.0275,14448.0,391.0,3.700000047683716,0.23999999463558197,0.27000001072883606,0.07999999821186066,
HD 358,X0025,HD 358,xsl_spectrum_X0025_merged_ncl_ncge.fits,2.0969167,29.0904167,13076.0,354.0,3.4600000381469727,0.23999999463558197,0.4300000071525574,0.07999999821186066,
HD 1638,X0023,HD 1638,xsl_spectrum_X0023_merged.fits,5.1179583,-30.5555,4249.0,29.0,1.5099999904632568,0.14000000059604645,-0.75,0.05999999865889549,
HD 1638,X0180,HD 1638,xsl_spectrum_X0180_merged.fits,5.1179583,-30.5555,4249.0,29.0,1.5099999904632568,0.14000000059604645,-0.75,0.05999999865889549,
HD 1638,X0258,HD 1638,xsl_spectrum_X0258_merged.fits,5.1179583,-30.5555,4249.0,29.0,1.5099999904632568,0.14000000059604645,-0.75,0.05999999865889549,
HD 1638,X0286,HD 1638,xsl_spectrum_X0286_merged.fits,5.1179583,-30.5555,4249.0,29.0,1.5099999904632568,0.14000000059604645,-0.75,0.05999999865889549,
CL* NGC 121 T V8,X0385,CL* NGC 121 T V8,xsl_spectrum_X0385_merged_ncge.fits,6.7022083,-71.5473333,4243.0,68.0,0.3499999940395355,0.20000000298023224,-1.0700000524520874,0.14000000059604645,
CL* NGC 121 T V1,X0411,CL* NGC 121 T V1,xsl_spectrum_X0411_merged.fits,6.7352083,-71.5354444,3728.0,61.0,0.8500000238418579,0.1899999976158142,-0.7400000095367432,0.17000000178813934,
HD 2796,X0418,HD 2796,xsl_spectrum_X0418_merged.fits,7.8204583,-16.7946389,4701.0,47.0,1.409999966621399,0.15000000596046448,-2.5299999713897705,0.07000000029802322,
HD 2857,X0024,HD 2857,xsl_spectrum_X0024_merged.fits,7.974125,-5.2618889,7844.0,149.0,2.450000047683716,0.2199999988079071,-1.399999976158142,0.10999999940395355,
SV* HV 11223,X0420,SV* HV 11223,xsl_spectrum_X0420_merged.fits,8.0066667,-73.3763333,3562.0,58.0,-0.029999999329447746,0.1899999976158142,-0.30000001192092896,0.17000000178813934,"S-star signatures confirmed (ZrO, 940 nm; cf. Wood et al. 1983)"
HD 3008,X0744,HD 3008,xsl_spectrum_X0744_merged.fits,8.309625,-10.7285278,4349.0,67.0,0.6700000166893005,0.1899999976158142,-1.8200000524520874,0.12999999523162842,
HD 3883,X0747,HD 3883,xsl_spectrum_X0747_merged.fits,10.4001667,24.629,7567.0,150.0,3.5399999618530273,0.20999999344348907,0.6499999761581421,0.07000000029802322,
HD 4539,X0448,HD 4539,xsl_spectrum_X0448_merged.fits,11.87175,9.9821111,17303.0,469.0,4.840000152587891,0.23999999463558197,-0.03999999910593033,0.07999999821186066,
HD 4539,X0463,HD 4539,xsl_spectrum_X0463_merged.fits,11.87175,9.9821111,17303.0,469.0,4.840000152587891,0.23999999463558197,-0.03999999910593033,0.07999999821186066,
ISO-MCMS J004900.4-732224,X0001,ISO-MCMS J004900.4-732224,xsl_spectrum_X0001_merged_ncl.fits,12.251375,-73.3732778,nan,nan,nan,nan,nan,nan,
HD 4893,X0422,HD 4893,xsl_spectrum_X0422_merged.fits,12.3440833,-73.4786389,4109.0,28.0,2.2899999618530273,0.14000000059604645,0.029999999329447746,0.05000000074505806,
ISO-MCMS J004932.4-731753,X0002,ISO-MCMS J004932.4-731753,xsl_spectrum_X0002_merged_ncl.fits,12.3859583,-73.2978889,nan,nan,nan,nan,nan,nan,
ISO-MCMS J004950.3-731116,X0003,ISO-MCMS J004950.3-731116,xsl_spectrum_X0003_merged_scl.fits,12.458875,-73.1879167,3827.0,52.0,0.6800000071525574,0.1899999976158142,-0.5199999809265137,0.17000000178813934,
HD 4813,X0096,HD 4813,xsl_spectrum_X0096_merged_scl.fits,12.531625,-10.6443056,6153.0,96.0,4.25,0.14000000059604645,-0.14000000059604645,0.05999999865889549,
ISO-MCMS J005059.4-731914,X0009,ISO-MCMS J005059.4-731914,xsl_spectrum_X0009_merged_ncl.fits,12.7471667,-73.3203889,3806.0,51.0,0.7099999785423279,0.1899999976158142,-0.9200000166893005,0.17000000178813934,
HD 4906,X0753,HD 4906,xsl_spectrum_X0753_merged.fits,12.8085417,18.7903056,5164.0,67.0,3.7699999809265137,0.14000000059604645,-0.699999988079071,0.07000000029802322,
CL* NGC 288 OCH 531,X0756,CL* NGC 288 OCH 531,xsl_spectrum_X0756_merged.fits,13.171375,-26.5575,3675.0,38.0,1.0800000429153442,0.14000000059604645,-0.8799999952316284,0.09000000357627869,
CL* NGC 288 OCH 531,X0767,CL* NGC 288 OCH 531,xsl_spectrum_X0767_merged.fits,13.171375,-26.5575,3675.0,38.0,1.0800000429153442,0.14000000059604645,-0.8799999952316284,0.09000000357627869,
ISO-MCMS J005304.7-730409,X0029,ISO-MCMS J005304.7-730409,xsl_spectrum_X0029_merged_ncl.fits,13.270375,-73.0693056,nan,nan,nan,nan,nan,nan,
ISO-MCMS J005307.8-730747,X0034,ISO-MCMS J005307.8-730747,xsl_spectrum_X0034_merged_ncl.fits,13.2819583,-73.1299167,nan,nan,nan,nan,nan,nan,
ISO-MCMS J005314.8-730601,X0030,ISO-MCMS J005314.8-730601,xsl_spectrum_X0030_merged_ncl.fits,13.311125,-73.1002778,3762.0,38.0,1.1200000047683716,0.14000000059604645,-0.7099999785423279,0.09000000357627869,
ISO-MCMS J005332.4-730501,X0031,ISO-MCMS J005332.4-730501,xsl_spectrum_X0031_merged_scl.fits,13.3865,-73.0828333,4391.0,32.0,1.0499999523162842,0.14000000059604645,-0.5799999833106995,0.05999999865889549,
ISO-MCMS J005422.8-730105,X0038,ISO-MCMS J005422.8-730105,xsl_spectrum_X0038_merged_ncl.fits,13.5945,-73.0182778,nan,nan,nan,nan,nan,nan,
ISO-MCMS J005531.0-731018,X0039,ISO-MCMS J005531.0-731018,xsl_spectrum_X0039_merged_ncl.fits,13.8787917,-73.1719444,nan,nan,nan,nan,nan,nan,
CL* NGC 330 ROB A3,X0754,CL* NGC 330 ROB A3,xsl_spectrum_X0754_merged_scl.fits,14.0904167,-72.4599444,5427.0,74.0,0.8899999856948853,0.1899999976158142,-0.30000001192092896,0.14000000059604645,
CL* NGC 330 ROB A3,X0755,CL* NGC 330 ROB A3,xsl_spectrum_X0755_merged.fits,14.0904167,-72.4599444,5427.0,74.0,0.8899999856948853,0.1899999976158142,-0.30000001192092896,0.14000000059604645,
CL* NGC 330 ROB B38,X0757,CL* NGC 330 ROB B38,xsl_spectrum_X0757_merged.fits,14.0940833,-72.4766111,7515.0,96.0,1.5099999904632568,0.20999999344348907,-0.8899999856948853,0.09000000357627869,
ISO-MCMS J005622.2-730334,X0026,ISO-MCMS J005622.2-730334,xsl_spectrum_X0026_merged_scl.fits,14.0950417,-73.0594167,3847.0,52.0,0.9900000095367432,0.20000000298023224,-0.5799999833106995,0.17000000178813934,
ISO-MCMS J005644.8-731436,X0040,ISO-MCMS J005644.8-731436,xsl_spectrum_X0040_merged_ncl.fits,14.186625,-73.2429722,nan,nan,nan,nan,nan,nan,
SV* HV 11366,X0765,SV* HV 11366,xsl_spectrum_X0765_merged.fits,14.2282083,-72.2356667,3558.0,58.0,0.20999999344348907,0.1899999976158142,-0.3499999940395355,0.17000000178813934,"S-star signatures confirmed (ZrO, 940 nm; cf. Wood et al. 1983)"
ISO-MCMS J005700.7-730751,X0012,ISO-MCMS J005700.7-730751,xsl_spectrum_X0012_merged_ncl.fits,14.2529583,-73.1307222,nan,nan,nan,nan,nan,nan,
ISO-MCMS J005712.2-730704,X0013,ISO-MCMS J005712.2-730704,xsl_spectrum_X0013_merged_ncl.fits,14.300625,-73.1179722,nan,nan,nan,nan,nan,nan,
HD 5544,X0453,HD 5544,xsl_spectrum_X0453_merged.fits,14.3043333,0.3423333,4591.0,32.0,2.25,0.14000000059604645,-0.07999999821186066,0.05000000074505806,
ISO-MCMS J005714.4-730121,X0020,ISO-MCMS J005714.4-730121,xsl_spectrum_X0020_merged.fits,14.3102917,-73.0226389,2991.0,50.0,0.49000000953674316,0.20999999344348907,-0.4399999976158142,0.18000000715255737,
ISO-MCMS J005716.5-731052,X0017,ISO-MCMS J005716.5-731052,xsl_spectrum_X0017_merged_ncl.fits,14.31875,-73.1813333,nan,nan,nan,nan,nan,nan,
HV 12149,X0759,HV 12149,xsl_spectrum_X0759_merged_ncl.fits,14.7090417,-72.3098889,2921.0,58.0,0.6299999952316284,0.3499999940395355,0.47999998927116394,0.2199999988079071,
[M2002] SMC 46662,X0005,[M2002] SMC 46662,xsl_spectrum_X0005_merged.fits,14.895875,-72.0684444,3777.0,62.0,0.800000011920929,0.1899999976158142,-0.7099999785423279,0.17000000178813934,
HD 5857,X0526,HD 5857,xsl_spectrum_X0526_merged.fits,15.0655417,18.199,4631.0,31.0,2.7100000381469727,0.14000000059604645,-0.1899999976158142,0.05000000074505806,
ISO-MCMS J010031.5-730724,X0018,ISO-MCMS J010031.5-730724,xsl_spectrum_X0018_merged_ncl.fits,15.1312917,-73.12325,nan,nan,nan,nan,nan,nan,
CL* NGC 371 FTW R20,X0041,CL* NGC 371 FTW R20,xsl_spectrum_X0041_merged.fits,15.1730417,-72.1769167,3977.0,53.0,0.09000000357627869,0.1899999976158142,-0.1599999964237213,0.14000000059604645,
CL* NGC 371 LE 31,X0505,CL* NGC 371 LE 31,xsl_spectrum_X0505_merged_ncl.fits,15.439125,-72.1324167,nan,nan,nan,nan,nan,nan,
[M2002] SMC 52334,X0006,[M2002] SMC 52334,xsl_spectrum_X0006_merged.fits,15.4757917,-71.8718333,3997.0,54.0,0.20999999344348907,0.1899999976158142,-0.2199999988079071,0.17000000178813934,
[M2002] SMC 55188,X0004,[M2002] SMC 55188,xsl_spectrum_X0004_merged.fits,15.76025,-72.0313889,3396.0,35.0,1.0299999713897705,0.14000000059604645,-0.5199999809265137,0.09000000357627869,
HD 6268,X0733,HD 6268,xsl_spectrum_X0733_merged.fits,15.8257083,-27.8805278,4662.0,47.0,1.3700000047683716,0.14000000059604645,-2.4700000286102295,0.07000000029802322,
HD 6229,X0007,HD 6229,xsl_spectrum_X0007_merged.fits,15.9019167,23.7684167,5055.0,64.0,2.119999885559082,0.15000000596046448,-1.2100000381469727,0.09000000357627869,
SV* HV 1963,X0511,SV* HV 1963,xsl_spectrum_X0511_merged.fits,16.1109583,-72.5778333,3298.0,54.0,0.11999999731779099,0.1899999976158142,-0.1599999964237213,0.14000000059604645,
SV* HV 12179,X0514,SV* HV 12179,xsl_spectrum_X0514_merged.fits,16.257375,-72.1156389,3491.0,57.0,0.23000000417232513,0.1899999976158142,-0.5400000214576721,0.17000000178813934,
CL* NGC 419 LE 35,X0513,CL* NGC 419 LE 35,xsl_spectrum_X0513_merged_ncl.fits,17.072875,-72.8836944,6222.0,186.0,4.079999923706055,0.3799999952316284,-0.25999999046325684,0.18000000715255737,C-star with contamination by nearby hotter star below 450 nm
CL* NGC 419 LE 27,X0512,CL* NGC 419 LE 27,xsl_spectrum_X0512_merged_ncl.fits,17.086125,-72.8811111,nan,nan,nan,nan,nan,nan,
BBB SMC 148,X0506,BBB SMC 148,xsl_spectrum_X0506_merged.fits,17.3245,-72.7616667,4270.0,47.0,0.49000000953674316,0.1899999976158142,-0.5099999904632568,0.10999999940395355,
BBB SMC 104,X0504,BBB SMC 104,xsl_spectrum_X0504_merged.fits,17.62275,-72.82625,4363.0,47.0,0.5799999833106995,0.1899999976158142,-0.6399999856948853,0.10999999940395355,
HD 7595,X0508,HD 7595,xsl_spectrum_X0508_merged.fits,18.8730417,-28.2648611,4334.0,31.0,1.8700000047683716,0.15000000596046448,-0.6100000143051147,0.05999999865889549,
U Psc,X0527,U Psc,xsl_spectrum_X0527_merged.fits,20.7436667,12.8677222,3292.0,54.0,0.7599999904632568,0.1899999976158142,-0.20000000298023224,0.17000000178813934,
HD 8724,X0077,HD 8724,xsl_spectrum_X0077_merged.fits,21.5732917,17.1264167,4732.0,48.0,1.6200000047683716,0.15000000596046448,-1.6799999475479126,0.07000000029802322,
HD 8724,X0092,HD 8724,xsl_spectrum_X0092_merged.fits,21.5732917,17.1264167,4732.0,48.0,1.6200000047683716,0.15000000596046448,-1.6799999475479126,0.07000000029802322,
HD 9051,X0768,HD 9051,xsl_spectrum_X0768_merged.fits,22.19375,-24.3403889,4873.0,48.0,2.0,0.14000000059604645,-1.690000057220459,0.07000000029802322,
HD 9051,X0769,HD 9051,xsl_spectrum_X0769_merged.fits,22.19375,-24.3403889,4873.0,48.0,2.0,0.14000000059604645,-1.690000057220459,0.07000000029802322,
[M2002] SMC 83593,X0021,[M2002] SMC 83593,xsl_spectrum_X0021_merged.fits,22.6415417,-73.3115556,3607.0,59.0,0.8799999952316284,0.1899999976158142,-0.9800000190734863,0.17000000178813934,
HD 9356,X0770,HD 9356,xsl_spectrum_X0770_merged.fits,23.0340417,1.3417222,6666.0,132.0,3.4600000381469727,0.20999999344348907,-0.8999999761581421,0.09000000357627869,
HD 9356,X0775,HD 9356,xsl_spectrum_X0775_merged.fits,23.0340417,1.3417222,6666.0,132.0,3.4600000381469727,0.20999999344348907,-0.8999999761581421,0.09000000357627869,
HE 0146-1548,X0760,HE 0146-1548,xsl_spectrum_X0760_merged.fits,27.1446667,-15.5567778,5092.0,69.0,2.740000009536743,0.17000000178813934,-2.690000057220459,0.09000000357627869,
HD 11397,X0778,HD 11397,xsl_spectrum_X0778_merged.fits,27.918875,-16.3176389,5449.0,71.0,4.130000114440918,0.14000000059604645,-0.6499999761581421,0.07000000029802322,Artifacts in K-band (NIR arm)
HD 13043,X0203,HD 13043,xsl_spectrum_X0203_merged.fits,31.8927917,-0.6174167,5746.0,90.0,4.039999961853027,0.14000000059604645,-0.029999999329447746,0.05999999865889549,
HD 13043,X0281,HD 13043,xsl_spectrum_X0281_merged.fits,31.8927917,-0.6174167,5746.0,90.0,4.039999961853027,0.14000000059604645,-0.029999999329447746,0.05999999865889549,
HD 14625,X0559,HD 14625,xsl_spectrum_X0559_merged.fits,35.4184583,-0.1486111,4753.0,33.0,2.759999990463257,0.14000000059604645,0.20000000298023224,0.05000000074505806,
HD 14938,X0529,HD 14938,xsl_spectrum_X0529_merged.fits,36.097125,-3.1040278,6224.0,97.0,4.199999809265137,0.14000000059604645,-0.3199999928474426,0.07000000029802322,
HD 16031,X0065,HD 16031,xsl_spectrum_X0065_merged.fits,38.5460833,-12.3842778,6165.0,139.0,4.150000095367432,0.14000000059604645,-1.6699999570846558,0.09000000357627869,
HD 16160,X0066,HD 16160,xsl_spectrum_X0066_merged_scl.fits,39.0204167,6.8867778,4699.0,49.0,4.579999923706055,0.14000000059604645,-0.20999999344348907,0.05999999865889549,
HD 16232,X0793,HD 16232,xsl_spectrum_X0793_merged.fits,39.2405833,24.6480556,6280.0,98.0,4.289999961853027,0.14000000059604645,0.07999999821186066,0.05999999865889549,
HD 16456,X0782,HD 16456,xsl_spectrum_X0782_merged.fits,39.274,-42.9633333,7830.0,144.0,2.380000114440918,0.20999999344348907,-1.4700000286102295,0.10000000149011612,
HD 16673,X0791,HD 16673,xsl_spectrum_X0791_merged.fits,40.05175,-9.4528611,6189.0,97.0,4.269999980926514,0.14000000059604645,-0.05000000074505806,0.05999999865889549,
HD 17072,X0042,HD 17072,xsl_spectrum_X0042_merged_scl.fits,40.1670833,-69.233,5389.0,65.0,2.5299999713897705,0.14000000059604645,-1.059999942779541,0.07999999821186066,
HD 17072,X0089,HD 17072,xsl_spectrum_X0089_merged.fits,40.1670833,-69.233,5389.0,65.0,2.5299999713897705,0.14000000059604645,-1.059999942779541,0.07999999821186066,
BD+09 0352,X0795,BD+09 0352,xsl_spectrum_X0795_merged.fits,40.3068333,9.7700278,6000.0,135.0,4.0,0.14000000059604645,-2.0899999141693115,0.09000000357627869,
GJ 109,X0792,GJ 109,xsl_spectrum_X0792_merged.fits,41.064625,25.5233611,3387.0,54.0,4.920000076293945,0.14000000059604645,-0.3499999940395355,0.09000000357627869,
HD 18907,X0043,HD 18907,xsl_spectrum_X0043_merged_scl.fits,45.4067917,-28.0914722,5076.0,66.0,3.680000066757202,0.14000000059604645,-0.7099999785423279,0.07000000029802322,
HD 18769,X0073,HD 18769,xsl_spectrum_X0073_merged.fits,45.4755833,26.4623333,8248.0,163.0,3.4200000762939453,0.20999999344348907,0.25,0.07000000029802322,
HD 19019,X0071,HD 19019,xsl_spectrum_X0071_merged.fits,45.96175,6.1332778,6031.0,94.0,4.320000171661377,0.14000000059604645,-0.15000000596046448,0.05999999865889549,
HD 19304,X0545,HD 19304,xsl_spectrum_X0545_merged.fits,46.6065833,3.2645,6582.0,130.0,4.21999979019165,0.20999999344348907,-0.44999998807907104,0.09000000357627869,
HD 19445,X0070,HD 19445,xsl_spectrum_X0070_merged.fits,47.106625,26.3309444,5928.0,134.0,4.019999980926514,0.14000000059604645,-2.0399999618530273,0.09000000357627869,
HD 19787,X0084,HD 19787,xsl_spectrum_X0084_merged_scl.fits,47.9073333,19.7266667,4805.0,32.0,2.690000057220459,0.14000000059604645,0.09000000357627869,0.05000000074505806,
HD 20619,X0546,HD 20619,xsl_spectrum_X0546_merged.fits,49.757875,-2.8431667,5620.0,88.0,4.349999904632568,0.14000000059604645,-0.25999999046325684,0.07000000029802322,
HD 21197,X0560,HD 21197,xsl_spectrum_X0560_merged.fits,51.248875,-5.36375,4340.0,45.0,4.440000057220459,0.14000000059604645,0.15000000596046448,0.05000000074505806,
HD 23924,X0794,HD 23924,xsl_spectrum_X0794_merged.fits,57.4205,23.3415556,8079.0,160.0,3.9100000858306885,0.20999999344348907,0.3100000023841858,0.07000000029802322,
HD 24616,X0423,HD 24616,xsl_spectrum_X0423_merged.fits,58.49775,-23.1370556,5020.0,66.0,3.3499999046325684,0.14000000059604645,-0.7400000095367432,0.07000000029802322,
HD 25329,X0075,HD 25329,xsl_spectrum_X0075_merged.fits,60.8125,35.2732778,4923.0,75.0,4.519999980926514,0.14000000059604645,-1.6100000143051147,0.07000000029802322,
HD 25532,X0547,HD 25532,xsl_spectrum_X0547_merged.fits,61.045875,23.4075278,5622.0,82.0,2.6600000858306885,0.14000000059604645,-1.0499999523162842,0.07999999821186066,
HD 25673,X0561,HD 25673,xsl_spectrum_X0561_merged.fits,61.0845833,-4.6551389,5127.0,67.0,4.630000114440918,0.14000000059604645,-0.38999998569488525,0.07000000029802322,
HD 26297,X0548,HD 26297,xsl_spectrum_X0548_merged.fits,62.26425,-15.8908333,4514.0,44.0,1.1299999952316284,0.14000000059604645,-1.75,0.07000000029802322,
BD+06 0648,X0549,BD+06 0648,xsl_spectrum_X0549_merged.fits,63.304625,6.6004722,4628.0,50.0,1.309999942779541,0.15000000596046448,-1.9199999570846558,0.07000000029802322,
HD 284248,X0072,HD 284248,xsl_spectrum_X0072_merged.fits,63.648,22.3511667,6174.0,140.0,4.179999828338623,0.15000000596046448,-1.6200000047683716,0.09000000357627869,
HD 27295,X0081,HD 27295,xsl_spectrum_X0081_merged_scl.fits,64.85875,21.1423056,11550.0,313.0,4.239999771118164,0.23999999463558197,0.10000000149011612,0.07999999821186066,
HD 27295,X0313,HD 27295,xsl_spectrum_X0313_merged.fits,64.85875,21.1423056,11550.0,313.0,4.239999771118164,0.23999999463558197,0.10000000149011612,0.07999999821186066,
HD 27771,X0558,HD 27771,xsl_spectrum_X0558_merged.fits,65.8847083,14.6704722,5325.0,69.0,4.619999885559082,0.14000000059604645,0.27000001072883606,0.05999999865889549,
HD 28978,X0074,HD 28978,xsl_spectrum_X0074_merged.fits,68.5344583,5.5686111,8708.0,173.0,3.359999895095825,0.20999999344348907,-0.33000001311302185,0.09000000357627869,
HD 29391,X0082,HD 29391,xsl_spectrum_X0082_merged_scl.fits,69.4005417,-2.4735278,7360.0,146.0,4.070000171661377,0.20999999344348907,0.07000000029802322,0.07000000029802322,
HD 29391,X0306,HD 29391,xsl_spectrum_X0306_merged_scl.fits,69.4005417,-2.4735278,7360.0,146.0,4.070000171661377,0.20999999344348907,0.07000000029802322,0.07000000029802322,
HD 29391,X0311,HD 29391,xsl_spectrum_X0311_merged_scl.fits,69.4005417,-2.4735278,7360.0,146.0,4.070000171661377,0.20999999344348907,0.07000000029802322,0.07000000029802322,
HD 30328,X0772,HD 30328,xsl_spectrum_X0772_merged.fits,71.687125,2.7005833,4737.0,32.0,2.640000104904175,0.14000000059604645,0.07000000029802322,0.05000000074505806,
T Cae,X0052,T Cae,xsl_spectrum_X0052_merged_ncl_ncge.fits,71.8288333,-36.2093056,nan,nan,nan,nan,nan,nan,
SHV 0448341-691510,X0783,SHV 0448341-691510,xsl_spectrum_X0783_merged.fits,72.0840833,-69.1673333,3712.0,38.0,1.100000023841858,0.15000000596046448,-0.9800000190734863,0.09000000357627869,
SHV 0448341-691510,X0784,SHV 0448341-691510,xsl_spectrum_X0784_merged_ncl.fits,72.0840833,-69.1673333,3712.0,38.0,1.100000023841858,0.15000000596046448,-0.9800000190734863,0.09000000357627869,
SHV 0448341-691510,X0785,SHV 0448341-691510,xsl_spectrum_X0785_merged_ncl_ncge.fits,72.0840833,-69.1673333,3712.0,38.0,1.100000023841858,0.15000000596046448,-0.9800000190734863,0.09000000357627869,
HD 30743,X0796,HD 30743,xsl_spectrum_X0796_merged.fits,72.426,-13.7696667,6390.0,100.0,4.139999866485596,0.14000000059604645,-0.4099999964237213,0.07000000029802322,
SHV 0452361-683928,X0045,SHV 0452361-683928,xsl_spectrum_X0045_merged_ncl.fits,73.1102917,-68.5770556,3263.0,39.0,1.1399999856948853,0.1899999976158142,-0.10000000149011612,0.15000000596046448,
SHV 0452361-683928,X0181,SHV 0452361-683928,xsl_spectrum_X0181_merged_ncl.fits,73.1102917,-68.5770556,3263.0,39.0,1.1399999856948853,0.1899999976158142,-0.10000000149011612,0.15000000596046448,
SHV 0452361-683928,X0259,SHV 0452361-683928,xsl_spectrum_X0259_merged_ncl.fits,73.1102917,-68.5770556,3263.0,39.0,1.1399999856948853,0.1899999976158142,-0.10000000149011612,0.15000000596046448,
EY Eri,X0577,EY Eri,xsl_spectrum_X0577_merged_ncl_ncge.fits,73.2385417,-10.033,2866.0,85.0,2.200000047683716,0.46000000834465027,0.23000000417232513,0.41999998688697815,
HD 31421,X0094,HD 31421,xsl_spectrum_X0094_merged_scl.fits,74.0928333,13.5144444,4452.0,30.0,2.2699999809265137,0.14000000059604645,-0.25999999046325684,0.05999999865889549,
HV 2255,X0044,HV 2255,xsl_spectrum_X0044_merged.fits,74.4304167,-70.1473333,3878.0,52.0,0.17000000178813934,0.1899999976158142,0.07000000029802322,0.14000000059604645,
HV 2255,X0205,HV 2255,xsl_spectrum_X0205_merged.fits,74.4304167,-70.1473333,3878.0,52.0,0.17000000178813934,0.1899999976158142,0.07000000029802322,0.14000000059604645,
HV 2255,X0260,HV 2255,xsl_spectrum_X0260_merged.fits,74.4304167,-70.1473333,3878.0,52.0,0.17000000178813934,0.1899999976158142,0.07000000029802322,0.14000000059604645,
SHV 0500412-684054,X0515,SHV 0500412-684054,xsl_spectrum_X0515_merged.fits,75.1239167,-68.6103611,nan,nan,nan,nan,nan,nan,
SHV 0501215-680112,X0046,SHV 0501215-680112,xsl_spectrum_X0046_merged_ncl.fits,75.3139583,-67.9496111,3313.0,54.0,0.5400000214576721,0.1899999976158142,-0.38999998569488525,0.17000000178813934,
SHV 0501215-680112,X0182,SHV 0501215-680112,xsl_spectrum_X0182_merged_ncl.fits,75.3139583,-67.9496111,3313.0,54.0,0.5400000214576721,0.1899999976158142,-0.38999998569488525,0.17000000178813934,
SHV 0501215-680112,X0261,SHV 0501215-680112,xsl_spectrum_X0261_merged_ncl.fits,75.3139583,-67.9496111,3313.0,54.0,0.5400000214576721,0.1899999976158142,-0.38999998569488525,0.17000000178813934,
SHV 0502469-692418,X0516,SHV 0502469-692418,xsl_spectrum_X0516_merged.fits,75.620375,-69.3360556,nan,nan,nan,nan,nan,nan,
SHV 0503595-691915,X0053,SHV 0503595-691915,xsl_spectrum_X0053_merged_ncl_ncge.fits,75.9255833,-69.2533611,3253.0,53.0,0.1599999964237213,0.1899999976158142,0.12999999523162842,0.14000000059604645,
SHV 0503595-691915,X0262,SHV 0503595-691915,xsl_spectrum_X0262_merged_ncl.fits,75.9255833,-69.2533611,3253.0,53.0,0.1599999964237213,0.1899999976158142,0.12999999523162842,0.14000000059604645,
SHV 0504353-712622,X0047,SHV 0504353-712622,xsl_spectrum_X0047_merged_ncl.fits,75.9832083,-71.3727778,nan,nan,nan,nan,nan,nan,
SHV 0506368-681557,X0048,SHV 0506368-681557,xsl_spectrum_X0048_merged_ncl.fits,76.6153333,-68.201,2915.0,48.0,0.41999998688697815,0.20999999344348907,-0.6700000166893005,0.18000000715255737,
SHV 0506368-681557,X0184,SHV 0506368-681557,xsl_spectrum_X0184_merged_ncl.fits,76.6153333,-68.201,2915.0,48.0,0.41999998688697815,0.20999999344348907,-0.6700000166893005,0.18000000715255737,
SHV 0506368-681557,X0264,SHV 0506368-681557,xsl_spectrum_X0264_merged_ncl.fits,76.6153333,-68.201,2915.0,48.0,0.41999998688697815,0.20999999344348907,-0.6700000166893005,0.18000000715255737,
HD 271018,X0518,HD 271018,xsl_spectrum_X0518_merged.fits,76.8090833,-66.0551111,6737.0,138.0,0.7799999713897705,0.28999999165534973,0.07000000029802322,0.14000000059604645,
SHV 0510004-692755,X0049,SHV 0510004-692755,xsl_spectrum_X0049_merged_ncl.fits,77.4189167,-69.4046111,3001.0,50.0,0.3400000035762787,0.20000000298023224,-0.05000000074505806,0.14000000059604645,
SHV 0510004-692755,X0237,SHV 0510004-692755,xsl_spectrum_X0237_merged_ncl_ncge.fits,77.4189167,-69.4046111,3001.0,50.0,0.3400000035762787,0.20000000298023224,-0.05000000074505806,0.14000000059604645,"A few artificial waves in the VIS arm, as for X0144"
HD 33299,X0110,HD 33299,xsl_spectrum_X0110_merged_scl.fits,77.64575,30.7975278,4525.0,49.0,0.9100000262260437,0.1899999976158142,-0.009999999776482582,0.09000000357627869,
[PHS2008] RGB 512,X0206,[PHS2008] RGB 512,xsl_spectrum_X0206_merged.fits,77.737625,-71.1928333,4189.0,38.0,1.1699999570846558,0.1599999964237213,-0.9700000286102295,0.07000000029802322,
[PHS2008] RGB 522,X0263,[PHS2008] RGB 522,xsl_spectrum_X0263_merged_scl.fits,77.8440833,-71.1243611,4118.0,31.0,1.3600000143051147,0.15000000596046448,-0.6100000143051147,0.05999999865889549,
HD 33793,X0540,HD 33793,xsl_spectrum_X0540_merged.fits,77.9190833,-45.0183889,3698.0,59.0,4.809999942779541,0.14000000059604645,-0.5899999737739563,0.09000000357627869,
HV 2360,X0050,HV 2360,xsl_spectrum_X0050_merged.fits,78.1931667,-67.3271667,3352.0,34.0,1.75,0.14000000059604645,-0.6399999856948853,0.09000000357627869,
[PHS2008] RGB 533,X0238,[PHS2008] RGB 533,xsl_spectrum_X0238_merged.fits,78.3028333,-71.3001389,4157.0,32.0,1.2899999618530273,0.15000000596046448,-0.6600000262260437,0.05999999865889549,
SHV 0515313-694303,X0517,SHV 0515313-694303,xsl_spectrum_X0517_merged.fits,78.7857917,-69.6639722,3413.0,56.0,-0.019999999552965164,0.1899999976158142,-0.4099999964237213,0.17000000178813934,
SHV 0515461-691822,X0054,SHV 0515461-691822,xsl_spectrum_X0054_merged_ncl.fits,78.8620417,-69.2520556,3129.0,32.0,1.3300000429153442,0.14000000059604645,-0.10999999940395355,0.07000000029802322,
SHV 0517337-725738,X0519,SHV 0517337-725738,xsl_spectrum_X0519_merged.fits,79.1388333,-72.9088889,4088.0,68.0,0.25999999046325684,0.20000000298023224,-1.309999942779541,0.15000000596046448,
SHV 0518222-750327,X0055,SHV 0518222-750327,xsl_spectrum_X0055_merged_ncl.fits,79.2072083,-75.0063333,nan,nan,nan,nan,nan,nan,
SHV 0518161-683543,X0530,SHV 0518161-683543,xsl_spectrum_X0530_merged.fits,79.5103333,-68.5441944,4078.0,64.0,0.20000000298023224,0.1899999976158142,-1.4800000190734863,0.14000000059604645,
SHV 0518331-685102,X0531,SHV 0518331-685102,xsl_spectrum_X0531_merged.fits,79.5729167,-68.79975,3311.0,54.0,-0.05000000074505806,0.1899999976158142,-0.2199999988079071,0.17000000178813934,
SHV 0518570-692207,X0056,SHV 0518570-692207,xsl_spectrum_X0056_merged_ncl.fits,79.6525833,-69.3180833,nan,nan,nan,nan,nan,nan,
SHV 0518571-690729,X0532,SHV 0518571-690729,xsl_spectrum_X0532_merged.fits,79.6629167,-69.0745,3276.0,54.0,0.36000001430511475,0.1899999976158142,-0.38999998569488525,0.17000000178813934,
HD 34797,X0113,HD 34797,xsl_spectrum_X0113_merged.fits,79.8262917,-18.5095278,12460.0,338.0,4.210000038146973,0.23999999463558197,0.5899999737739563,0.07999999821186066,
HD 34816,X0303,HD 34816,xsl_spectrum_X0303_merged_ncl_ncge.fits,79.8938333,-13.17675,30010.0,813.0,3.8499999046325684,0.23999999463558197,-0.07999999821186066,0.07999999821186066,
SHV 0520036-692817,X0509,SHV 0520036-692817,xsl_spectrum_X0509_merged.fits,79.926125,-69.4221111,3641.0,37.0,1.0499999523162842,0.14000000059604645,-0.6100000143051147,0.09000000357627869,
HV 2446,X0057,HV 2446,xsl_spectrum_X0057_merged_ncl.fits,80.0065833,-67.5783611,2876.0,35.0,1.1799999475479126,0.2199999988079071,-0.20999999344348907,0.12999999523162842,
SHV 0520261-693826,X0524,SHV 0520261-693826,xsl_spectrum_X0524_merged.fits,80.0139167,-69.5926389,4381.0,30.0,1.1200000047683716,0.14000000059604645,-0.20000000298023224,0.05000000074505806,
SHV 0520342-693911,X0592,SHV 0520342-693911,xsl_spectrum_X0592_merged.fits,80.0470417,-69.6055556,3319.0,54.0,0.23999999463558197,0.1899999976158142,-0.17000000178813934,0.14000000059604645,
SHV 0520505-705019,X0058,SHV 0520505-705019,xsl_spectrum_X0058_merged_ncl.fits,80.0625417,-70.7905833,nan,nan,nan,nan,nan,nan,
SHV 0520427-693637,X0534,SHV 0520427-693637,xsl_spectrum_X0534_merged_ncl.fits,80.084125,-69.5624444,nan,nan,nan,nan,nan,nan,
SHV 0520498-692715,X0543,SHV 0520498-692715,xsl_spectrum_X0543_merged_ncl.fits,80.1173333,-69.4063056,3127.0,51.0,0.28999999165534973,0.1899999976158142,-0.2199999988079071,0.17000000178813934,
HD 271182,X0542,HD 271182,xsl_spectrum_X0542_merged.fits,80.257125,-65.8006667,7379.0,151.0,0.6700000166893005,0.28999999165534973,0.8100000023841858,0.14000000059604645,
SHV 0522380-691255,X0059,SHV 0522380-691255,xsl_spectrum_X0059_merged_scl.fits,80.5761667,-69.1695556,3936.0,53.0,0.23999999463558197,0.1899999976158142,-0.4300000071525574,0.17000000178813934,
HD 35179,X0570,HD 35179,xsl_spectrum_X0570_merged.fits,80.5875417,-14.3972222,4933.0,34.0,2.299999952316284,0.14000000059604645,-0.6100000143051147,0.05999999865889549,
SHV 0523371-713351,X0510,SHV 0523371-713351,xsl_spectrum_X0510_merged.fits,80.7211667,-71.5194444,3847.0,33.0,1.2200000286102295,0.15000000596046448,-0.6399999856948853,0.09000000357627869,
SHV 0523357-692038,X0060,SHV 0523357-692038,xsl_spectrum_X0060_merged_ncl.fits,80.81125,-69.2993611,3123.0,52.0,0.4300000071525574,0.20000000298023224,-0.3199999928474426,0.17000000178813934,
NGC 1904 153,X0521,NGC 1904 153,xsl_spectrum_X0521_merged.fits,81.0380417,-24.5711389,4182.0,65.0,0.550000011920929,0.1899999976158142,-1.809999942779541,0.12999999523162842,
NGC 1904 160,X0522,NGC 1904 160,xsl_spectrum_X0522_merged.fits,81.039125,-24.5583611,4324.0,67.0,0.9100000262260437,0.1899999976158142,-1.4900000095367432,0.14000000059604645,
NGC 1904 223,X0523,NGC 1904 223,xsl_spectrum_X0523_merged.fits,81.077,-24.5287222,4226.0,65.0,0.6899999976158142,0.1899999976158142,-1.4199999570846558,0.12999999523162842,
SHV 0525012-694829,X0551,SHV 0525012-694829,xsl_spectrum_X0551_merged.fits,81.1509583,-69.7655556,3677.0,60.0,0.7900000214576721,0.1899999976158142,-0.46000000834465027,0.17000000178813934,
SHV 0525478-690944,X0061,SHV 0525478-690944,xsl_spectrum_X0061_merged_ncl.fits,81.3675833,-69.1203333,nan,nan,nan,nan,nan,nan,C star. NIR poor below 1.3 micro-m.
SHV 0525543-692639,X0098,SHV 0525543-692639,xsl_spectrum_X0098_merged_ncl.fits,81.3840833,-69.4025556,3232.0,33.0,1.149999976158142,0.14000000059604645,-0.4399999976158142,0.09000000357627869,
SHV 0526364-693639,X0099,SHV 0526364-693639,xsl_spectrum_X0099_merged_scl.fits,81.551875,-69.5703056,3752.0,61.0,0.6700000166893005,0.1899999976158142,-0.2800000011920929,0.17000000178813934,
SHV 0527072-701238,X0544,SHV 0527072-701238,xsl_spectrum_X0544_merged.fits,81.6575833,-70.1698889,nan,nan,nan,nan,nan,nan,
SHV 0527058-693746,X0533,SHV 0527058-693746,xsl_spectrum_X0533_merged_ncl.fits,81.6759583,-69.5895278,3143.0,52.0,0.03999999910593033,0.1899999976158142,-0.18000000715255737,0.14000000059604645,
SHV 0527122-695006,X0798,SHV 0527122-695006,xsl_spectrum_X0798_merged.fits,81.6944167,-69.7948611,3739.0,61.0,0.5099999904632568,0.1899999976158142,-0.20999999344348907,0.17000000178813934,M giant with contamination by nearby hot star below 450 nm
HD 35601,X0330,HD 35601,xsl_spectrum_X0330_merged_ncl_ncge.fits,81.7925833,29.9210556,3757.0,61.0,0.20999999344348907,0.1899999976158142,-0.019999999552965164,0.14000000059604645,
HV 2555,X0786,HV 2555,xsl_spectrum_X0786_merged.fits,82.0619167,-66.5461389,3522.0,58.0,0.09000000357627869,0.1899999976158142,0.25,0.14000000059604645,
SHV 0528537-695119,X0100,SHV 0528537-695119,xsl_spectrum_X0100_merged_ncl.fits,82.1155417,-69.8171389,16629.0,675.0,4.389999866485596,0.3100000023841858,-0.20000000298023224,0.1599999964237213,
CL* NGC 1978 LE 09,X0804,CL* NGC 1978 LE 09,xsl_spectrum_X0804_merged.fits,82.2114167,-66.2455833,3827.0,33.0,1.0700000524520874,0.15000000596046448,-0.550000011920929,0.09000000357627869,
CL* NGC 1978 LE 09,X0805,CL* NGC 1978 LE 09,xsl_spectrum_X0805_merged_scl.fits,82.2114167,-66.2455833,3827.0,33.0,1.0700000524520874,0.15000000596046448,-0.550000011920929,0.09000000357627869,
CL* NGC 1978 LE 09,X0806,CL* NGC 1978 LE 09,xsl_spectrum_X0806_merged_scl.fits,82.2114167,-66.2455833,3827.0,33.0,1.0700000524520874,0.15000000596046448,-0.550000011920929,0.09000000357627869,
[M2002] LMC 143035,X0118,[M2002] LMC 143035,xsl_spectrum_X0118_merged.fits,82.2644583,-69.1128333,3574.0,58.0,0.3400000035762787,0.1899999976158142,-0.05000000074505806,0.14000000059604645,
SHV 0529222-684846,X0803,SHV 0529222-684846,xsl_spectrum_X0803_merged_ncl.fits,82.2724583,-68.7753056,nan,nan,nan,nan,nan,nan,
SHV 0529355-694037,X0799,SHV 0529355-694037,xsl_spectrum_X0799_merged_ncl_ncge.fits,82.2964583,-69.64025,3756.0,39.0,1.100000023841858,0.17000000178813934,-0.3799999952316284,0.10000000149011612,
SHV 0529355-694037,X0800,SHV 0529355-694037,xsl_spectrum_X0800_merged_ncl_ncge.fits,82.2964583,-69.64025,3756.0,39.0,1.100000023841858,0.17000000178813934,-0.3799999952316284,0.10000000149011612,
SHV 0529355-694037,X0801,SHV 0529355-694037,xsl_spectrum_X0801_merged.fits,82.2964583,-69.64025,3756.0,39.0,1.100000023841858,0.17000000178813934,-0.3799999952316284,0.10000000149011612,
SHV 0529467-693825,X0101,SHV 0529467-693825,xsl_spectrum_X0101_merged_ncl_ncge.fits,82.3444167,-69.6036111,3080.0,51.0,0.3400000035762787,0.1899999976158142,-0.46000000834465027,0.17000000178813934,
SHV 0530380-702618,X0807,SHV 0530380-702618,xsl_spectrum_X0807_merged.fits,82.5242083,-70.4019167,3302.0,54.0,0.30000001192092896,0.1899999976158142,-0.07000000029802322,0.14000000059604645,
SHV 0530380-702618,X0808,SHV 0530380-702618,xsl_spectrum_X0808_merged_ncl.fits,82.5242083,-70.4019167,3302.0,54.0,0.30000001192092896,0.1899999976158142,-0.07000000029802322,0.14000000059604645,
[M2002] LMC 148035,X0119,[M2002] LMC 148035,xsl_spectrum_X0119_merged.fits,82.6480833,-68.9898333,3469.0,57.0,0.5899999737739563,0.1899999976158142,-0.8199999928474426,0.17000000178813934,
[M2002] LMC 150040,X0120,[M2002] LMC 150040,xsl_spectrum_X0120_merged.fits,82.788625,-67.4319444,3637.0,59.0,0.6800000071525574,0.1899999976158142,-0.9100000262260437,0.17000000178813934,
SHV 0531398-701050,X0811,SHV 0531398-701050,xsl_spectrum_X0811_merged.fits,82.7924167,-70.1454444,3632.0,59.0,0.550000011920929,0.1899999976158142,-0.23000000417232513,0.17000000178813934,
SHV 0531398-701050,X0812,SHV 0531398-701050,xsl_spectrum_X0812_merged_ncl.fits,82.7924167,-70.1454444,3632.0,59.0,0.550000011920929,0.1899999976158142,-0.23000000417232513,0.17000000178813934,
HD 36395,X0830,HD 36395,xsl_spectrum_X0830_merged.fits,82.8641667,-3.6772222,3612.0,57.0,4.860000133514404,0.14000000059604645,-0.10999999940395355,0.07000000029802322,
SHV 0531582-701623,X0813,SHV 0531582-701623,xsl_spectrum_X0813_merged_ncl.fits,82.8646667,-70.238,3367.0,55.0,0.10000000149011612,0.1899999976158142,-0.33000001311302185,0.17000000178813934,
SHV 0531582-701623,X0814,SHV 0531582-701623,xsl_spectrum_X0814_merged_ncl.fits,82.8646667,-70.238,3367.0,55.0,0.10000000149011612,0.1899999976158142,-0.33000001311302185,0.17000000178813934,
HD 36702,X0827,HD 36702,xsl_spectrum_X0827_merged.fits,82.9679167,-38.5566667,4379.0,68.0,0.7699999809265137,0.1899999976158142,-2.2100000381469727,0.14000000059604645,
HD 37763,X0298,HD 37763,xsl_spectrum_X0298_merged_scl.fits,82.970125,-76.3408889,4498.0,47.0,3.0999999046325684,0.14000000059604645,0.17000000178813934,0.05000000074505806,
SHV 0533015-720047,X0102,SHV 0533015-720047,xsl_spectrum_X0102_merged_ncl_ncge.fits,83.0460417,-71.9802222,nan,nan,nan,nan,nan,nan,
SHV 0533130-702409,X0815,SHV 0533130-702409,xsl_spectrum_X0815_merged.fits,83.17025,-70.36875,3293.0,54.0,0.46000000834465027,0.1899999976158142,-0.41999998688697815,0.17000000178813934,
[M2002] LMC 157533,X0825,[M2002] LMC 157533,xsl_spectrum_X0825_merged.fits,83.3733333,-67.5271111,3950.0,53.0,0.27000001072883606,0.1899999976158142,-0.05000000074505806,0.14000000059604645,
[M2002] LMC 158646,X0241,[M2002] LMC 158646,xsl_spectrum_X0241_merged.fits,83.4674167,-69.1870833,3841.0,52.0,-0.019999999552965164,0.1899999976158142,-0.019999999552965164,0.14000000059604645,
[M2002] LMC 159974,X0797,[M2002] LMC 159974,xsl_spectrum_X0797_merged.fits,83.5892917,-69.3667222,4052.0,44.0,0.17000000178813934,0.1899999976158142,-0.1599999964237213,0.09000000357627869,
SHV 0534578-702532,X0821,SHV 0534578-702532,xsl_spectrum_X0821_merged.fits,83.6055417,-70.394,nan,nan,nan,nan,nan,nan,
SHV 0534578-702532,X0822,SHV 0534578-702532,xsl_spectrum_X0822_merged_ncl.fits,83.6055417,-70.394,nan,nan,nan,nan,nan,nan,
SHV 0534578-702532,X0823,SHV 0534578-702532,xsl_spectrum_X0823_merged_ncl.fits,83.6055417,-70.394,nan,nan,nan,nan,nan,nan,
SHV 0535237-700720,X0818,SHV 0535237-700720,xsl_spectrum_X0818_merged.fits,83.7257917,-70.0916389,3591.0,59.0,0.5799999833106995,0.1899999976158142,-0.23999999463558197,0.17000000178813934,
SHV 0535237-700720,X0819,SHV 0535237-700720,xsl_spectrum_X0819_merged_ncl_ncge.fits,83.7257917,-70.0916389,3591.0,59.0,0.5799999833106995,0.1899999976158142,-0.23999999463558197,0.17000000178813934,
SHV 0535237-700720,X0820,SHV 0535237-700720,xsl_spectrum_X0820_merged_ncl.fits,83.7257917,-70.0916389,3591.0,59.0,0.5799999833106995,0.1899999976158142,-0.23999999463558197,0.17000000178813934,
[M2002] LMC 162635,X0265,[M2002] LMC 162635,xsl_spectrum_X0265_merged.fits,83.8522083,-69.0675833,3825.0,51.0,0.3400000035762787,0.1899999976158142,-0.05000000074505806,0.14000000059604645,
SHV 0536139-701604,X0103,SHV 0536139-701604,xsl_spectrum_X0103_merged_ncl.fits,83.928375,-70.2378611,nan,nan,nan,nan,nan,nan,
[M2002] LMC 168757,X0266,[M2002] LMC 168757,xsl_spectrum_X0266_merged.fits,84.4033333,-69.4898611,3592.0,59.0,0.6899999976158142,0.1899999976158142,-0.6000000238418579,0.17000000178813934,
[M2002] LMC 170452,X0148,[M2002] LMC 170452,xsl_spectrum_X0148_merged.fits,84.5666667,-69.1697778,3399.0,56.0,0.6499999761581421,0.1899999976158142,-0.5799999833106995,0.17000000178813934,
HD 37828,X0097,HD 37828,xsl_spectrum_X0097_merged_scl.fits,85.2276667,-11.2000278,4474.0,44.0,1.309999942779541,0.14000000059604645,-1.440000057220459,0.07000000029802322,
HD 37828,X0304,HD 37828,xsl_spectrum_X0304_merged_scl.fits,85.2276667,-11.2000278,4474.0,44.0,1.309999942779541,0.14000000059604645,-1.440000057220459,0.07000000029802322,Continuum poor between 1 and 1.4 micro-m (prefer X0097)
SHV 0542111-683837,X0809,SHV 0542111-683837,xsl_spectrum_X0809_merged.fits,85.4779583,-68.6218611,4080.0,67.0,0.4699999988079071,0.20000000298023224,-1.059999942779541,0.14000000059604645,
SHV 0542111-683837,X0810,SHV 0542111-683837,xsl_spectrum_X0810_merged_ncl.fits,85.4779583,-68.6218611,4080.0,67.0,0.4699999988079071,0.20000000298023224,-1.059999942779541,0.14000000059604645,
SHV 0543367-695800,X0117,SHV 0543367-695800,xsl_spectrum_X0117_merged_ncl.fits,85.7835,-69.9459722,3356.0,55.0,0.49000000953674316,0.1899999976158142,0.03999999910593033,0.14000000059604645,
HD 38145,X0831,HD 38145,xsl_spectrum_X0831_merged.fits,85.9259583,4.00425,7055.0,140.0,4.019999980926514,0.20999999344348907,0.0,0.07000000029802322,
HD 38237,X0285,HD 38237,xsl_spectrum_X0285_merged.fits,86.1274583,4.3391667,8042.0,160.0,3.809999942779541,0.20999999344348907,0.029999999329447746,0.07000000029802322,
HD 270110,X0824,HD 270110,xsl_spectrum_X0824_merged.fits,86.746875,-70.1043333,4614.0,31.0,2.740000009536743,0.14000000059604645,-0.10000000149011612,0.05000000074505806,
HD 38769,X0816,HD 38769,xsl_spectrum_X0816_merged.fits,87.0610417,1.6096944,6819.0,135.0,3.819999933242798,0.20999999344348907,0.18000000715255737,0.07000000029802322,
HD 38856,X0771,HD 38856,xsl_spectrum_X0771_merged.fits,87.1915417,0.7255556,15659.0,425.0,4.179999828338623,0.23999999463558197,-0.03999999910593033,0.07999999821186066,
HD 38856,X0817,HD 38856,xsl_spectrum_X0817_merged.fits,87.1915417,0.7255556,15659.0,425.0,4.179999828338623,0.23999999463558197,-0.03999999910593033,0.07999999821186066,
SHV 0549503-704331,X0037,SHV 0549503-704331,xsl_spectrum_X0037_merged.fits,87.3055833,-70.7112778,3089.0,51.0,0.30000001192092896,0.1899999976158142,-0.3799999952316284,0.17000000178813934,
HD 39587,X0317,HD 39587,xsl_spectrum_X0317_merged_ncl_ncge.fits,88.5957083,20.2762222,5906.0,92.0,4.389999866485596,0.14000000059604645,-0.05999999865889549,0.05999999865889549,
HD 39833,X0832,HD 39833,xsl_spectrum_X0832_merged.fits,88.7581667,-0.5079444,5802.0,91.0,4.369999885559082,0.14000000059604645,0.12999999523162842,0.05999999865889549,
HD 39801,X0036,HD 39801,xsl_spectrum_X0036_merged_ncl_ncge.fits,88.7929583,7.4070556,3654.0,60.0,0.4300000071525574,0.1899999976158142,-0.20999999344348907,0.17000000178813934,
HD 39949,X0854,HD 39949,xsl_spectrum_X0854_merged.fits,89.2731667,27.3166389,5389.0,46.0,1.1299999952316284,0.14000000059604645,-0.09000000357627869,0.05999999865889549,
HD 250792,X0571,HD 250792,xsl_spectrum_X0571_merged.fits,90.8119167,19.3607222,5686.0,128.0,4.449999809265137,0.14000000059604645,-1.0099999904632568,0.09000000357627869,
HD 41667,X0593,HD 41667,xsl_spectrum_X0593_merged.fits,91.2651667,-32.9940833,4644.0,45.0,1.7200000286102295,0.14000000059604645,-1.2000000476837158,0.07000000029802322,
HD 41433,X0578,HD 41433,xsl_spectrum_X0578_merged.fits,91.2857083,0.8664722,5125.0,43.0,2.2699999809265137,0.14000000059604645,-0.009999999776482582,0.05999999865889549,
SHV 0606101-724012,X0121,SHV 0606101-724012,xsl_spectrum_X0121_merged_ncl_ncge.fits,91.2907083,-72.6764444,3337.0,55.0,0.11999999731779099,0.20000000298023224,-0.6600000262260437,0.1899999976158142,
HD 41661,X0579,HD 41661,xsl_spectrum_X0579_merged.fits,91.6017917,-0.9633611,6519.0,129.0,3.7899999618530273,0.20999999344348907,0.15000000596046448,0.07000000029802322,
HD 41770,X0580,HD 41770,xsl_spectrum_X0580_merged.fits,91.8099167,1.5083333,6956.0,138.0,3.690000057220459,0.20999999344348907,0.49000000953674316,0.07000000029802322,
HD 42143,X0834,HD 42143,xsl_spectrum_X0834_merged.fits,92.3470833,6.2755,8681.0,172.0,3.359999895095825,0.20999999344348907,-0.15000000596046448,0.07000000029802322,Bad telluric correction (O2 ) in A-band (VIS arm)
HD 42182,X0520,HD 42182,xsl_spectrum_X0520_merged.fits,92.399625,5.6688889,5058.0,66.0,4.630000114440918,0.14000000059604645,0.10999999940395355,0.05999999865889549,
HD 42256,X0581,HD 42256,xsl_spectrum_X0581_merged.fits,92.45475,2.8694444,4709.0,32.0,2.4700000286102295,0.14000000059604645,-0.3100000023841858,0.05999999865889549,
HD 42597,X0582,HD 42597,xsl_spectrum_X0582_merged.fits,92.9947083,7.3913056,20129.0,546.0,3.5899999141693115,0.23999999463558197,-0.03999999910593033,0.07999999821186066,
HD 42983,X0583,HD 42983,xsl_spectrum_X0583_merged.fits,93.4698333,2.8088333,4808.0,50.0,3.5899999141693115,0.14000000059604645,-0.009999999776482582,0.05000000074505806,
HD 43021,X0535,HD 43021,xsl_spectrum_X0535_merged.fits,93.5434167,2.5746111,7935.0,157.0,4.199999809265137,0.20999999344348907,-0.7099999785423279,0.09000000357627869,
HD 43286,X0539,HD 43286,xsl_spectrum_X0539_merged.fits,93.876,3.9581944,16006.0,434.0,4.159999847412109,0.23999999463558197,-0.10999999940395355,0.07999999821186066,
HD 44007,X0122,HD 44007,xsl_spectrum_X0122_merged.fits,94.7022083,-14.8453889,4922.0,50.0,2.25,0.15000000596046448,-1.6299999952316284,0.07000000029802322,
HD 44285,X0556,HD 44285,xsl_spectrum_X0556_merged.fits,95.2465833,0.2395556,4263.0,29.0,2.009999990463257,0.14000000059604645,-0.10000000149011612,0.05000000074505806,
HD 44515,X0584,HD 44515,xsl_spectrum_X0584_merged.fits,95.60525,5.5761667,4130.0,28.0,2.2699999809265137,0.14000000059604645,0.05999999865889549,0.05000000074505806,
LHS 1841,X0572,LHS 1841,xsl_spectrum_X0572_merged.fits,95.6607083,-12.8847222,4704.0,71.0,4.760000228881836,0.14000000059604645,-1.4600000381469727,0.07000000029802322,
HD 44391,X0563,HD 44391,xsl_spectrum_X0563_merged.fits,95.6995,27.9866667,4638.0,33.0,1.0800000429153442,0.14000000059604645,-0.029999999329447746,0.05000000074505806,
HD 44770,X0564,HD 44770,xsl_spectrum_X0564_merged.fits,95.9437083,4.5958611,6502.0,129.0,4.28000020980835,0.20999999344348907,-0.09000000357627869,0.07000000029802322,
HD 45196,X0358,HD 45196,xsl_spectrum_X0358_merged.fits,96.4957083,-1.8135278,7229.0,143.0,3.6600000858306885,0.20999999344348907,0.1599999964237213,0.07000000029802322,
HD 45282,X0123,HD 45282,xsl_spectrum_X0123_merged.fits,96.669875,3.4249167,5271.0,99.0,3.119999885559082,0.14000000059604645,-1.5099999904632568,0.09000000357627869,
HD 45507,X0836,HD 45507,xsl_spectrum_X0836_merged.fits,97.0120417,5.9225278,5063.0,43.0,2.450000047683716,0.14000000059604645,-0.09000000357627869,0.05999999865889549,
HD 46454,X0826,HD 46454,xsl_spectrum_X0826_merged.fits,98.4435,7.24,4191.0,28.0,1.6299999952316284,0.14000000059604645,-0.3100000023841858,0.05999999865889549,
IRAS 06404+0311,X0849,IRAS 06404+0311,xsl_spectrum_X0849_merged.fits,100.77925,3.1481944,3881.0,54.0,0.2800000011920929,0.20000000298023224,0.05999999865889549,0.14000000059604645,
IRAS 06404+0311,X0850,IRAS 06404+0311,xsl_spectrum_X0850_merged.fits,100.77925,3.1481944,3881.0,54.0,0.2800000011920929,0.20000000298023224,0.05999999865889549,0.14000000059604645,
HD 48616,X0837,HD 48616,xsl_spectrum_X0837_merged.fits,101.1058333,3.1415556,6496.0,66.0,1.3300000429153442,0.14000000059604645,0.07999999821186066,0.05999999865889549,
HD 49068,X0829,HD 49068,xsl_spectrum_X0829_merged.fits,101.4292083,-20.8526667,4501.0,30.0,1.7699999809265137,0.14000000059604645,-0.029999999329447746,0.05000000074505806,
HD 49739,X0838,HD 49739,xsl_spectrum_X0838_merged.fits,102.551375,5.6735,7216.0,143.0,3.950000047683716,0.20999999344348907,-0.11999999731779099,0.07000000029802322,
IRAS 06498-1102,X0828,IRAS 06498-1102,xsl_spectrum_X0828_merged.fits,103.0502083,-11.0978889,4192.0,28.0,1.25,0.14000000059604645,-0.10999999940395355,0.05000000074505806,
HD 50372,X0839,HD 50372,xsl_spectrum_X0839_merged.fits,103.2470833,2.7434722,4758.0,32.0,1.7599999904632568,0.14000000059604645,0.019999999552965164,0.05000000074505806,
HD 50877,X0314,HD 50877,xsl_spectrum_X0314_merged_ncl_ncge.fits,103.533125,-24.1841944,4125.0,44.0,0.1599999964237213,0.1899999976158142,0.12999999523162842,0.09000000357627869,
HD 50819,X0851,HD 50819,xsl_spectrum_X0851_merged.fits,103.7413333,2.0428333,5280.0,45.0,2.200000047683716,0.14000000059604645,0.009999999776482582,0.05999999865889549,
HD 52298,X0287,HD 52298,xsl_spectrum_X0287_merged.fits,104.4393333,-52.6484444,6308.0,99.0,4.289999961853027,0.14000000059604645,-0.3199999928474426,0.07000000029802322,
HD 52005,X0312,HD 52005,xsl_spectrum_X0312_merged_scl.fits,105.0659167,16.079,4024.0,43.0,0.5799999833106995,0.1899999976158142,0.09000000357627869,0.09000000357627869,
HD 53003,X0554,HD 53003,xsl_spectrum_X0554_merged.fits,105.8940417,2.4373056,5799.0,59.0,1.1799999475479126,0.14000000059604645,0.05999999865889549,0.05999999865889549,
HD 52973,X0318,HD 52973,xsl_spectrum_X0318_merged_scl.fits,106.0272083,20.5702778,5834.0,59.0,1.0499999523162842,0.14000000059604645,0.20000000298023224,0.05999999865889549,
CL* NGC 2324 BSV 10828,X0835,CL* NGC 2324 BSV 10828,xsl_spectrum_X0835_merged.fits,106.067375,1.0203889,4825.0,33.0,1.8600000143051147,0.14000000059604645,-0.23999999463558197,0.05999999865889549,
HD 53927,X0555,HD 53927,xsl_spectrum_X0555_merged.fits,107.0176667,29.8344722,4925.0,52.0,4.71999979019165,0.14000000059604645,-0.2800000011920929,0.05999999865889549,
HD 54828,X0536,HD 54828,xsl_spectrum_X0536_merged.fits,107.68425,9.0763333,4928.0,34.0,2.430000066757202,0.14000000059604645,-0.6899999976158142,0.05999999865889549,
AL Mon,X0557,AL Mon,xsl_spectrum_X0557_merged.fits,108.217375,-5.3464167,3201.0,52.0,0.6399999856948853,0.1899999976158142,-0.4399999976158142,0.17000000178813934,
HD 55693,X0585,HD 55693,xsl_spectrum_X0585_merged.fits,108.261125,-24.2255556,5755.0,90.0,4.199999809265137,0.14000000059604645,0.18000000715255737,0.05999999865889549,
HD 55583,X0537,HD 55583,xsl_spectrum_X0537_merged.fits,108.4646667,9.4683889,4571.0,31.0,2.640000104904175,0.14000000059604645,-0.029999999329447746,0.05000000074505806,
HD 56448,X0586,HD 56448,xsl_spectrum_X0586_merged.fits,109.2565,0.5417778,5040.0,43.0,2.640000104904175,0.14000000059604645,-0.09000000357627869,0.05999999865889549,
HD 57060,X0116,HD 57060,xsl_spectrum_X0116_merged_ncl_ncge.fits,109.66825,-24.5586944,31840.0,866.0,3.4100000858306885,0.23999999463558197,0.20999999344348907,0.07999999821186066,P-Cygni emission in Halpha and HeI (1.083 micro-m); known eclipsing binary
HD 57132,X0562,HD 57132,xsl_spectrum_X0562_merged.fits,110.0109167,3.7768056,4082.0,28.0,1.6299999952316284,0.14000000059604645,-0.3100000023841858,0.05999999865889549,
HD 57707,X0565,HD 57707,xsl_spectrum_X0565_merged.fits,110.618,0.7008333,4837.0,51.0,3.190000057220459,0.14000000059604645,-0.029999999329447746,0.05000000074505806,
BD-16 1934,X0844,BD-16 1934,xsl_spectrum_X0844_merged.fits,110.8636667,-16.5221111,3872.0,33.0,1.5,0.14000000059604645,-0.25999999046325684,0.09000000357627869,
BD-16 1934,X0852,BD-16 1934,xsl_spectrum_X0852_merged.fits,110.8636667,-16.5221111,3872.0,33.0,1.5,0.14000000059604645,-0.25999999046325684,0.09000000357627869,
HD 58051,X0588,HD 58051,xsl_spectrum_X0588_merged.fits,111.0765833,7.9149167,4023.0,27.0,2.069999933242798,0.14000000059604645,0.03999999910593033,0.05000000074505806,
HD 58072,X0538,HD 58072,xsl_spectrum_X0538_merged.fits,111.102375,10.2456667,5127.0,43.0,2.380000114440918,0.14000000059604645,0.029999999329447746,0.05999999865889549,
HD 58455,X0553,HD 58455,xsl_spectrum_X0553_merged.fits,111.4819167,5.2334444,4195.0,29.0,2.0799999237060547,0.14000000059604645,-0.029999999329447746,0.05000000074505806,
HD 58554,X0552,HD 58554,xsl_spectrum_X0552_merged.fits,111.6062083,8.3353056,4399.0,30.0,2.069999933242798,0.14000000059604645,-0.27000001072883606,0.05999999865889549,
HD 58790,X0841,HD 58790,xsl_spectrum_X0841_merged.fits,111.6669167,-11.5871111,4663.0,32.0,2.5,0.14000000059604645,-0.10999999940395355,0.05000000074505806,
HD 59295,X0840,HD 59295,xsl_spectrum_X0840_merged.fits,112.3976667,7.8404722,4634.0,31.0,2.25,0.14000000059604645,0.0,0.05000000074505806,
BD+24 1676,X0868,BD+24 1676,xsl_spectrum_X0868_merged.fits,112.6719583,24.0861667,6176.0,139.0,3.990000009536743,0.14000000059604645,-2.190000057220459,0.09000000357627869,
HD 59984,X0842,HD 59984,xsl_spectrum_X0842_merged.fits,113.024,-8.8813056,5900.0,92.0,3.890000104904175,0.14000000059604645,-0.8100000023841858,0.07000000029802322,
HD 60319,X0846,HD 60319,xsl_spectrum_X0846_merged.fits,113.6462917,16.9011111,5902.0,92.0,4.010000228881836,0.14000000059604645,-0.8999999761581421,0.07000000029802322,
HD 61064,X0310,HD 61064,xsl_spectrum_X0310_merged.fits,114.3195417,-4.1109722,6545.0,130.0,3.680000066757202,0.20999999344348907,0.2800000011920929,0.07000000029802322,
HD 61064,X0326,HD 61064,xsl_spectrum_X0326_merged.fits,114.3195417,-4.1109722,6545.0,130.0,3.680000066757202,0.20999999344348907,0.2800000011920929,0.07000000029802322,
BD-01 1792,X0843,BD-01 1792,xsl_spectrum_X0843_merged.fits,114.9587917,-1.5223056,5070.0,66.0,3.3299999237060547,0.14000000059604645,-0.8899999856948853,0.07000000029802322,
BD-01 1792,X0853,BD-01 1792,xsl_spectrum_X0853_merged.fits,114.9587917,-1.5223056,5070.0,66.0,3.3299999237060547,0.14000000059604645,-0.8899999856948853,0.07000000029802322,
[W71b] 008-03,X0864,[W71b] 008-03,xsl_spectrum_X0864_merged_ncl.fits,115.2310833,-26.0251667,nan,nan,nan,nan,nan,nan,
CD-31 4916,X0127,CD-31 4916,xsl_spectrum_X0127_merged.fits,115.2609583,-31.6830556,3768.0,62.0,0.20999999344348907,0.1899999976158142,-0.05999999865889549,0.14000000059604645,
HD 62968,X0855,HD 62968,xsl_spectrum_X0855_merged.fits,116.6472917,4.1305833,5132.0,43.0,2.5899999141693115,0.14000000059604645,-0.03999999910593033,0.05999999865889549,
HD 63302,X0336,HD 63302,xsl_spectrum_X0336_merged_ncl_ncge.fits,116.9105417,-15.9906667,4251.0,46.0,0.1599999964237213,0.1899999976158142,0.05000000074505806,0.09000000357627869,
[ABC89] Pup17,X0862,[ABC89] Pup17,xsl_spectrum_X0862_merged_ncl.fits,117.385375,-27.3934444,nan,nan,nan,nan,nan,nan,
HD 64332,X0346,HD 64332,xsl_spectrum_X0346_merged_ncl_ncge.fits,118.2719583,-11.6248056,3501.0,57.0,0.2199999988079071,0.1899999976158142,-0.2800000011920929,0.17000000178813934,
HD 64630,X0847,HD 64630,xsl_spectrum_X0847_merged.fits,118.783,6.9959722,7799.0,155.0,3.819999933242798,0.20999999344348907,0.1599999964237213,0.07000000029802322,
HD 65354,X0308,HD 65354,xsl_spectrum_X0308_merged_scl.fits,119.2625833,-34.3784167,4098.0,29.0,1.190000057220459,0.14000000059604645,-0.009999999776482582,0.05000000074505806,
HD 65372,X0848,HD 65372,xsl_spectrum_X0848_merged.fits,119.626375,2.9358333,7931.0,102.0,2.609999895095825,0.20999999344348907,-0.1899999976158142,0.07000000029802322,
HD 65583,X0566,HD 65583,xsl_spectrum_X0566_merged.fits,120.133875,29.2123333,5245.0,69.0,4.460000038146973,0.14000000059604645,-0.7799999713897705,0.07000000029802322,
[ABC89] Pup42,X0574,[ABC89] Pup42,xsl_spectrum_X0574_merged_ncge.fits,121.2397917,-29.8571111,nan,nan,nan,nan,nan,nan,
HD 66776,X0567,HD 66776,xsl_spectrum_X0567_merged.fits,121.3523333,8.1996111,4792.0,33.0,2.640000104904175,0.14000000059604645,0.019999999552965164,0.05000000074505806,
RU Pup,X0337,RU Pup,xsl_spectrum_X0337_merged_ncl.fits,121.8742917,-22.9125556,nan,nan,nan,nan,nan,nan,
HD 69701,X0845,HD 69701,xsl_spectrum_X0845_merged.fits,124.5956667,5.9716944,3721.0,38.0,1.190000057220459,0.14000000059604645,-0.3100000023841858,0.09000000357627869,
HD 69701,X0869,HD 69701,xsl_spectrum_X0869_merged.fits,124.5956667,5.9716944,3721.0,38.0,1.190000057220459,0.14000000059604645,-0.3100000023841858,0.09000000357627869,
HD 70138,X0325,HD 70138,xsl_spectrum_X0325_merged.fits,124.9295417,-18.2646667,nan,nan,nan,nan,nan,nan,
R Cha,X0338,R Cha,xsl_spectrum_X0338_merged_ncl_ncge.fits,125.4435833,-76.3550556,2897.0,47.0,0.5299999713897705,0.1899999976158142,0.0,0.14000000059604645,Slightly affected by saturation in the H-band (1600-1700 nm) and K-band (2130-2230 nm) (NIR arm)
HD 71160,X0550,HD 71160,xsl_spectrum_X0550_merged.fits,126.1660417,-32.9240278,4047.0,27.0,1.7799999713897705,0.14000000059604645,0.0,0.05000000074505806,
HD 71310,X0856,HD 71310,xsl_spectrum_X0856_merged.fits,126.750125,7.2211111,7725.0,154.0,3.4800000190734863,0.2199999988079071,-0.20000000298023224,0.09000000357627869,
HD 71310,X0857,HD 71310,xsl_spectrum_X0857_merged.fits,126.750125,7.2211111,7725.0,154.0,3.4800000190734863,0.2199999988079071,-0.20000000298023224,0.09000000357627869,
HD 71497,X0858,HD 71497,xsl_spectrum_X0858_merged.fits,126.984,4.8214167,4778.0,33.0,2.630000114440918,0.14000000059604645,0.14000000059604645,0.05000000074505806,
HD 72968,X0327,HD 72968,xsl_spectrum_X0327_merged.fits,128.8675,-7.9822778,9569.0,190.0,3.6700000762939453,0.20999999344348907,0.4399999976158142,0.07000000029802322,
HD 74088,X0309,HD 74088,xsl_spectrum_X0309_merged_scl.fits,129.6160833,-62.8432222,3945.0,34.0,1.5299999713897705,0.15000000596046448,-0.5199999809265137,0.09000000357627869,
HD 73665,X0871,HD 73665,xsl_spectrum_X0871_merged.fits,130.02675,20.0077778,4968.0,34.0,2.6500000953674316,0.14000000059604645,0.17000000178813934,0.05000000074505806,
HD 74166,X0861,HD 74166,xsl_spectrum_X0861_merged.fits,130.1777083,-42.3406944,4276.0,29.0,1.8300000429153442,0.14000000059604645,0.019999999552965164,0.05000000074505806,
HD 74000,X0863,HD 74000,xsl_spectrum_X0863_merged.fits,130.2116667,-16.3451389,6151.0,138.0,4.090000152587891,0.14000000059604645,-1.9600000381469727,0.09000000357627869,
BD+25 1981,X0870,BD+25 1981,xsl_spectrum_X0870_merged.fits,131.102875,24.7965833,6858.0,196.0,4.28000020980835,0.20999999344348907,-1.2000000476837158,0.10000000149011612,
HD 74721,X0874,HD 74721,xsl_spectrum_X0874_merged.fits,131.4969167,13.2634722,9571.0,196.0,4.21999979019165,0.20999999344348907,-0.5699999928474426,0.09000000357627869,
HD 75318,X0873,HD 75318,xsl_spectrum_X0873_merged.fits,132.338375,3.6839722,5388.0,70.0,4.429999828338623,0.14000000059604645,-0.15000000596046448,0.05999999865889549,
NGC 2682 108,X0568,NGC 2682 108,xsl_spectrum_X0568_merged.fits,132.8228333,11.7562778,4190.0,29.0,2.0999999046325684,0.14000000059604645,-0.07000000029802322,0.05000000074505806,
NGC 2682 108,X0859,NGC 2682 108,xsl_spectrum_X0859_merged.fits,132.8228333,11.7562778,4190.0,29.0,2.0999999046325684,0.14000000059604645,-0.07000000029802322,0.05000000074505806,
LHS 2065,X0130,LHS 2065,xsl_spectrum_X0130_merged_ncl_ncge.fits,133.4006667,-3.4922778,3533.0,84.0,0.6000000238418579,0.2199999988079071,-1.9500000476837158,0.20999999344348907,
LHS 2065,X0131,LHS 2065,xsl_spectrum_X0131_merged_ncge.fits,133.4006667,-3.4922778,3533.0,84.0,0.6000000238418579,0.2199999988079071,-1.9500000476837158,0.20999999344348907,
HD 76221,X0316,HD 76221,xsl_spectrum_X0316_merged_ncl_ncge.fits,133.8453333,17.23125,nan,nan,nan,nan,nan,nan,
HD 76780,X0875,HD 76780,xsl_spectrum_X0875_merged.fits,134.7322083,21.1662778,5657.0,88.0,4.269999980926514,0.14000000059604645,0.11999999731779099,0.05999999865889549,
HD 76780,X0877,HD 76780,xsl_spectrum_X0877_merged.fits,134.7322083,21.1662778,5657.0,88.0,4.269999980926514,0.14000000059604645,0.11999999731779099,0.05999999865889549,
HD 78737,X0573,HD 78737,xsl_spectrum_X0573_merged.fits,137.2640417,-27.0303611,6510.0,129.0,4.230000019073486,0.20999999344348907,-0.5,0.09000000357627869,
HD 79349,X0323,HD 79349,xsl_spectrum_X0323_merged.fits,137.9293333,-48.7731667,3848.0,32.0,1.6699999570846558,0.14000000059604645,-0.019999999552965164,0.07000000029802322,
HD 79349,X0328,HD 79349,xsl_spectrum_X0328_merged.fits,137.9293333,-48.7731667,3848.0,32.0,1.6699999570846558,0.14000000059604645,-0.019999999552965164,0.07000000029802322,
HD 81797,X0319,HD 81797,xsl_spectrum_X0319_merged_scl.fits,141.8968333,-8.6585833,4131.0,28.0,1.590000033378601,0.14000000059604645,-0.03999999910593033,0.05000000074505806,
BD+09 2190,X0872,BD+09 2190,xsl_spectrum_X0872_merged.fits,142.3148333,8.6334444,6233.0,141.0,4.0,0.14000000059604645,-2.2699999809265137,0.09000000357627869,
HD 82734,X0339,HD 82734,xsl_spectrum_X0339_merged_scl.fits,143.3019167,-21.1157222,4926.0,33.0,2.5899999141693115,0.14000000059604645,0.1899999976158142,0.05000000074505806,
HD 83212,X0347,HD 83212,xsl_spectrum_X0347_merged.fits,144.083125,-20.8874167,4505.0,49.0,1.0199999809265137,0.15000000596046448,-1.600000023841858,0.07000000029802322,
HD 83632,X0878,HD 83632,xsl_spectrum_X0878_merged.fits,145.1419167,26.0038611,4138.0,28.0,1.3600000143051147,0.14000000059604645,-0.8700000047683716,0.05999999865889549,Artifacts in H-band (NIR arm)
CM Car,X0149,CM Car,xsl_spectrum_X0149_merged.fits,146.9815833,-67.4519444,3063.0,50.0,0.5699999928474426,0.1899999976158142,-0.36000001430511475,0.17000000178813934,
HD 84937,X0867,HD 84937,xsl_spectrum_X0867_merged.fits,147.23375,13.74425,6212.0,140.0,4.070000171661377,0.14000000059604645,-2.0299999713897705,0.09000000357627869,
IRAS 09484-6242,X0860,IRAS 09484-6242,xsl_spectrum_X0860_merged.fits,147.4559167,-62.9358333,nan,nan,nan,nan,nan,nan,
Y Hya,X0340,Y Hya,xsl_spectrum_X0340_merged_ncl_ncge.fits,147.7655,-23.0173056,nan,nan,nan,nan,nan,nan,
HD 85380,X0865,HD 85380,xsl_spectrum_X0865_merged.fits,147.8400833,-6.1819167,5956.0,93.0,3.9800000190734863,0.14000000059604645,0.019999999552965164,0.05999999865889549,
HD 85773,X0866,HD 85773,xsl_spectrum_X0866_merged.fits,148.4135,-22.8356667,4441.0,69.0,0.8399999737739563,0.1899999976158142,-2.3499999046325684,0.12999999523162842,
BS 3923,X0342,BS 3923,xsl_spectrum_X0342_merged_ncl_ncge.fits,148.7175417,-19.0093333,3785.0,39.0,1.2999999523162842,0.14000000059604645,-0.18000000715255737,0.07000000029802322,
IRAS 10019-6156,X0576,IRAS 10019-6156,xsl_spectrum_X0576_merged_ncl.fits,150.8699583,-62.177,nan,nan,nan,nan,nan,nan,
HD 88737,X0569,HD 88737,xsl_spectrum_X0569_merged.fits,153.6239583,21.1680278,6072.0,95.0,3.9200000762939453,0.14000000059604645,0.15000000596046448,0.05999999865889549,
IRAS 10151-6008 ?,X0587,,xsl_spectrum_X0587_merged.fits,154.2125,-60.3963889,nan,nan,nan,nan,nan,nan,"O-rich star (not C-star as assumed in Whitelock et al. 2006). We suspect Whitelock et al. observed 2MASS 10165028-6023549, while we observed 2MASS 10165173-6023466."
EV Car,X0341,EV Car,xsl_spectrum_X0341_merged_ncl_ncge.fits,155.09,-60.4543611,3460.0,57.0,0.6700000166893005,0.1899999976158142,-0.3400000035762787,0.17000000178813934,
BS 4104,X0343,BS 4104,xsl_spectrum_X0343_merged_scl.fits,156.7879167,-31.06775,4049.0,27.0,1.6100000143051147,0.14000000059604645,-0.33000001311302185,0.05999999865889549,
HD 90862,X0880,HD 90862,xsl_spectrum_X0880_merged.fits,157.4350833,16.9799722,4039.0,27.0,1.590000033378601,0.14000000059604645,-0.5799999833106995,0.05999999865889549,
BD+30 2034,X0883,BD+30 2034,xsl_spectrum_X0883_merged.fits,158.3122083,29.6152778,4638.0,46.0,1.2300000190734863,0.14000000059604645,-1.649999976158142,0.07000000029802322,
TU Car,X0876,TU Car,xsl_spectrum_X0876_merged_ncl_ncge.fits,158.7333333,-60.7103889,3068.0,126.0,0.5400000214576721,0.7300000190734863,0.800000011920929,0.14000000059604645,"O-rich LPV (as already suggested in Aaronson et al. 1989), not C-star"
CPD-5703502,X0344,CPD-5703502,xsl_spectrum_X0344_merged_ncl_ncge.fits,158.9323333,-58.245,3830.0,51.0,-0.029999999329447746,0.1899999976158142,0.23999999463558197,0.14000000059604645,
HD 93329,X0885,HD 93329,xsl_spectrum_X0885_merged.fits,161.6526667,11.1841111,8236.0,235.0,3.309999942779541,0.20999999344348907,-1.3200000524520874,0.10000000149011612,
BD+29 2091,X0882,BD+29 2091,xsl_spectrum_X0882_merged.fits,161.8465,28.3988611,5763.0,130.0,4.090000152587891,0.14000000059604645,-1.9700000286102295,0.09000000357627869,
HD 93487,X0881,HD 93487,xsl_spectrum_X0881_merged.fits,161.981375,23.33525,5172.0,63.0,2.2300000190734863,0.14000000059604645,-1.1799999475479126,0.07999999821186066,
HD 93813,X0334,HD 93813,xsl_spectrum_X0334_merged_scl.fits,162.4062083,-16.1936389,4354.0,29.0,2.0799999237060547,0.14000000059604645,-0.23999999463558197,0.05999999865889549,
CI Vel,X0589,CI Vel,xsl_spectrum_X0589_merged.fits,165.2553333,-54.4115278,4097.0,64.0,0.3199999928474426,0.1899999976158142,-1.0299999713897705,0.14000000059604645,
HD 96446,X0085,HD 96446,xsl_spectrum_X0085_merged_ncl_ncge.fits,166.52425,-59.9498611,19543.0,531.0,3.390000104904175,0.23999999463558197,-0.019999999552965164,0.07999999821186066,He-rich; wavy NIR continuum (prefer X0133)
HD 96446,X0133,HD 96446,xsl_spectrum_X0133_merged.fits,166.52425,-59.9498611,19543.0,531.0,3.390000104904175,0.23999999463558197,-0.019999999552965164,0.07999999821186066,He-rich
U Crt,X0134,U Crt,xsl_spectrum_X0134_merged.fits,168.18875,-7.2984722,3213.0,53.0,0.8100000023841858,0.1899999976158142,-0.5,0.17000000178813934,
HD 98468,X0594,HD 98468,xsl_spectrum_X0594_merged.fits,170.0005,28.8075556,4494.0,33.0,2.0199999809265137,0.15000000596046448,-0.4000000059604645,0.05999999865889549,
HD 98817,X0345,HD 98817,xsl_spectrum_X0345_merged_ncl_ncge.fits,170.412375,-60.9911667,3780.0,62.0,0.15000000596046448,0.1899999976158142,0.07999999821186066,0.14000000059604645,
[W65] c2,X0591,[W65] c2,xsl_spectrum_X0591_merged_ncl.fits,170.521,-59.6458611,nan,nan,nan,nan,nan,nan,
[W65] c2,X0609,[W65] c2,xsl_spectrum_X0609_merged_ncl.fits,170.521,-59.6458611,nan,nan,nan,nan,nan,nan,
HD 99109,X0595,HD 99109,xsl_spectrum_X0595_merged.fits,171.0723333,-1.5290556,5295.0,69.0,4.360000133514404,0.14000000059604645,0.3700000047683716,0.05999999865889549,
HD 99329,X0596,HD 99329,xsl_spectrum_X0596_merged.fits,171.4585833,3.8600556,7018.0,139.0,4.039999961853027,0.20999999344348907,0.18000000715255737,0.07000000029802322,
HD 99491,X0597,HD 99491,xsl_spectrum_X0597_merged.fits,171.6888333,3.0130833,5412.0,71.0,4.340000152587891,0.14000000059604645,0.3100000023841858,0.05999999865889549,
BD+04 2466,X0602,BD+04 2466,xsl_spectrum_X0602_merged.fits,171.7049583,3.8643333,5084.0,63.0,1.9900000095367432,0.15000000596046448,-1.8700000047683716,0.07999999821186066,
HD 99648,X0321,HD 99648,xsl_spectrum_X0321_merged_scl.fits,171.9843333,2.85625,4933.0,34.0,2.180000066757202,0.14000000059604645,-0.03999999910593033,0.05000000074505806,
BS 4432,X0333,BS 4432,xsl_spectrum_X0333_merged_scl.fits,172.5787083,-3.0034722,3967.0,34.0,1.5,0.14000000059604645,-0.36000001430511475,0.09000000357627869,
BS 4463,X0332,BS 4463,xsl_spectrum_X0332_merged_ncl_ncge.fits,173.8053333,-47.3725556,3525.0,58.0,0.6700000166893005,0.1899999976158142,-0.1599999964237213,0.14000000059604645,
CD-60 3621,X0106,CD-60 3621,xsl_spectrum_X0106_merged_scl.fits,173.9372917,-61.5780556,3836.0,52.0,0.23999999463558197,0.1899999976158142,0.12999999523162842,0.14000000059604645,
CD-60 3636,X0320,CD-60 3636,xsl_spectrum_X0320_merged_scl.fits,174.1451667,-61.60975,3900.0,52.0,0.550000011920929,0.1899999976158142,0.10000000149011612,0.14000000059604645,
HD 100906,X0886,HD 100906,xsl_spectrum_X0886_merged.fits,174.1767083,-18.9695833,5058.0,43.0,2.200000047683716,0.14000000059604645,-0.4399999976158142,0.07000000029802322,
UZ Cen,X0590,UZ Cen,xsl_spectrum_X0590_merged.fits,175.2439167,-62.6924722,6492.0,66.0,2.4200000762939453,0.14000000059604645,0.27000001072883606,0.05999999865889549,
HD 101712,X0132,HD 101712,xsl_spectrum_X0132_merged_ncl_ncge.fits,175.4558333,-63.4145556,3594.0,59.0,0.5799999833106995,0.1899999976158142,-0.4099999964237213,0.17000000178813934,
HD 101712,X0150,HD 101712,xsl_spectrum_X0150_merged_ncl_ncge.fits,175.4558333,-63.4145556,3594.0,59.0,0.5799999833106995,0.1899999976158142,-0.4099999964237213,0.17000000178813934,
HE 1142-1422,X0623,HE 1142-1422,xsl_spectrum_X0623_merged.fits,176.2470833,-14.6469444,6174.0,139.0,3.9700000286102295,0.14000000059604645,-2.180000066757202,0.09000000357627869,
BS 4517,X0335,BS 4517,xsl_spectrum_X0335_merged_ncl_ncge.fits,176.4648333,6.5293611,3733.0,39.0,1.4299999475479126,0.15000000596046448,-0.5400000214576721,0.09000000357627869,
HD 102634,X0898,HD 102634,xsl_spectrum_X0898_merged.fits,177.2553333,-0.3186667,6193.0,97.0,4.119999885559082,0.14000000059604645,0.14000000059604645,0.05999999865889549,
LHS 2463,X0884,LHS 2463,xsl_spectrum_X0884_merged.fits,177.4412917,4.9667222,4801.0,72.0,4.599999904632568,0.14000000059604645,-1.7899999618530273,0.07000000029802322,
V354 Cen,X0888,V354 Cen,xsl_spectrum_X0888_merged.fits,177.9306667,-47.9366667,3113.0,33.0,1.350000023841858,0.15000000596046448,-0.23000000417232513,0.10000000149011612,
LHS 318,X0892,LHS 318,xsl_spectrum_X0892_merged_ncge.fits,179.2282917,26.6662778,3839.0,50.0,4.760000228881836,0.14000000059604645,-0.6000000238418579,0.09000000357627869,
HD 103877,X0879,HD 103877,xsl_spectrum_X0879_merged.fits,179.426625,17.4678333,6958.0,138.0,3.8399999141693115,0.20999999344348907,0.6499999761581421,0.07000000029802322,
HD 103932,X0887,HD 103932,xsl_spectrum_X0887_merged.fits,179.4842083,-27.7070278,4374.0,46.0,4.429999828338623,0.14000000059604645,0.029999999329447746,0.05000000074505806,
HD 104307,X0612,HD 104307,xsl_spectrum_X0612_merged.fits,180.1759167,-21.8375,4426.0,30.0,2.259999990463257,0.14000000059604645,-0.029999999329447746,0.05000000074505806,
LHS 320,X0889,LHS 320,xsl_spectrum_X0889_merged.fits,180.64025,8.43075,3489.0,55.0,4.849999904632568,0.14000000059604645,-0.5699999928474426,0.09000000357627869,
HE 1201-1512,X0622,HE 1201-1512,xsl_spectrum_X0622_merged.fits,180.9045833,-15.4921944,5729.0,129.0,3.5899999141693115,0.14000000059604645,-2.609999895095825,0.09000000357627869,
HD 104893,X0598,HD 104893,xsl_spectrum_X0598_merged.fits,181.1797083,-29.18475,4398.0,69.0,0.8100000023841858,0.1899999976158142,-2.25,0.14000000059604645,
HE 1204-0744,X0624,HE 1204-0744,xsl_spectrum_X0624_merged.fits,181.6925,-8.0119444,6217.0,140.0,3.950000047683716,0.14000000059604645,-2.2899999618530273,0.09000000357627869,
HD 105262,X0599,HD 105262,xsl_spectrum_X0599_merged_ncge.fits,181.795125,12.9854444,8225.0,151.0,1.399999976158142,0.20999999344348907,-1.940000057220459,0.10000000149011612,
HE 1207-3108,X0630,HE 1207-3108,xsl_spectrum_X0630_merged.fits,182.4754167,-31.4197222,5435.0,102.0,3.240000009536743,0.14000000059604645,-2.6500000953674316,0.09000000357627869,
NGC 4147 230,X0601,NGC 4147 230,xsl_spectrum_X0601_merged.fits,182.516875,18.5480833,4431.0,69.0,0.9900000095367432,0.1899999976158142,-1.7799999713897705,0.14000000059604645,
HD 105740,X0600,HD 105740,xsl_spectrum_X0600_merged.fits,182.5706667,16.3703611,4718.0,33.0,2.759999990463257,0.14000000059604645,-0.6600000262260437,0.05999999865889549,
G012-021,X0607,G012-021,xsl_spectrum_X0607_merged.fits,183.0057083,13.2612778,6045.0,136.0,4.130000114440918,0.14000000059604645,-1.350000023841858,0.09000000357627869,
HD 106304,X0614,HD 106304,xsl_spectrum_X0614_merged.fits,183.4731667,-40.8735,8759.0,250.0,3.1600000858306885,0.20999999344348907,-1.6699999570846558,0.10000000149011612,
CD-28 9374,X0604,CD-28 9374,xsl_spectrum_X0604_merged.fits,183.6239167,-29.5987778,5034.0,66.0,3.359999895095825,0.14000000059604645,-0.75,0.07000000029802322,
G013-035,X0611,G013-035,xsl_spectrum_X0611_merged.fits,186.3956667,1.2839444,6095.0,137.0,4.130000114440918,0.14000000059604645,-1.659999966621399,0.09000000357627869,
G013-035,X0613,G013-035,xsl_spectrum_X0613_merged.fits,186.3956667,1.2839444,6095.0,137.0,4.130000114440918,0.14000000059604645,-1.659999966621399,0.09000000357627869,
HD 108564,X0891,HD 108564,xsl_spectrum_X0891_merged.fits,187.0796667,-16.9110278,4588.0,48.0,4.670000076293945,0.14000000059604645,-0.949999988079071,0.05999999865889549,
HD 108915,X0890,HD 108915,xsl_spectrum_X0890_merged.fits,187.703875,12.4867222,5033.0,66.0,3.390000104904175,0.14000000059604645,-0.07999999821186066,0.05999999865889549,
HD 109307,X0894,HD 109307,xsl_spectrum_X0894_merged.fits,188.3925833,24.2829722,8361.0,166.0,3.3499999046325684,0.20999999344348907,0.0,0.07000000029802322,
HD 109443,X0899,HD 109443,xsl_spectrum_X0899_merged.fits,188.6947083,-23.4756111,6791.0,134.0,4.239999771118164,0.20999999344348907,-0.6000000238418579,0.09000000357627869,
HD 109871,X0907,HD 109871,xsl_spectrum_X0907_merged.fits,189.55425,1.9798611,3944.0,33.0,1.690000057220459,0.14000000059604645,-0.23999999463558197,0.09000000357627869,
HD 110184,X0897,HD 110184,xsl_spectrum_X0897_merged.fits,190.0586667,8.5272222,4460.0,70.0,0.949999988079071,0.1899999976158142,-2.3399999141693115,0.14000000059604645,
V Crv,X0905,V Crv,xsl_spectrum_X0905_merged.fits,190.134625,-17.6475278,3080.0,50.0,0.5799999833106995,0.1899999976158142,-0.3499999940395355,0.17000000178813934,
BD+03 2688,X0902,BD+03 2688,xsl_spectrum_X0902_merged.fits,191.0322917,2.7438611,4747.0,46.0,1.4299999475479126,0.14000000059604645,-1.2699999809265137,0.07000000029802322,
HD 110885,X0900,HD 110885,xsl_spectrum_X0900_merged.fits,191.33025,1.0558611,5616.0,82.0,2.6600000858306885,0.14000000059604645,-1.0700000524520874,0.07999999821186066,
HD 111515,X0901,HD 111515,xsl_spectrum_X0901_merged.fits,192.4367917,1.1880278,5384.0,70.0,4.389999866485596,0.14000000059604645,-0.6299999952316284,0.07000000029802322,
HD 111631,X0903,HD 111631,xsl_spectrum_X0903_merged.fits,192.6815417,-0.7681111,3888.0,51.0,4.559999942779541,0.14000000059604645,0.05000000074505806,0.07000000029802322,
HD 111721,X0904,HD 111721,xsl_spectrum_X0904_merged.fits,192.8549583,-13.4911389,5039.0,61.0,2.6600000858306885,0.14000000059604645,-1.340000033378601,0.07999999821186066,
HD 111786,X0895,HD 111786,xsl_spectrum_X0895_merged.fits,192.99125,-26.7382778,7595.0,216.0,4.28000020980835,0.20999999344348907,-1.0099999904632568,0.10000000149011612,
LHS 343,X0906,LHS 343,xsl_spectrum_X0906_merged.fits,194.0992083,15.6964167,4492.0,67.0,4.559999942779541,0.14000000059604645,-1.5700000524520874,0.07000000029802322,
HD 112374,X0893,HD 112374,xsl_spectrum_X0893_merged.fits,194.1255417,-26.4602778,6033.0,97.0,0.6299999952316284,0.1899999976158142,-0.6499999761581421,0.14000000059604645,
HD 113002,X0375,HD 113002,xsl_spectrum_X0375_merged.fits,195.1197917,19.6321111,5062.0,62.0,1.9500000476837158,0.14000000059604645,-1.059999942779541,0.07999999821186066,
Kelu 1,X0136,Kelu 1,xsl_spectrum_X0136_merged_ncl_ncge.fits,196.417375,-25.6849444,nan,nan,nan,nan,nan,nan,
HD 114606,X0376,HD 114606,xsl_spectrum_X0376_merged.fits,197.8391667,9.6259722,5585.0,88.0,4.210000038146973,0.14000000059604645,-0.6200000047683716,0.07000000029802322,
HD 114960,X0174,HD 114960,xsl_spectrum_X0174_merged_scl.fits,198.489875,1.4564444,4066.0,28.0,2.299999952316284,0.14000000059604645,0.14000000059604645,0.05000000074505806,
HIP 64965,X0378,HIP 64965,xsl_spectrum_X0378_merged.fits,199.7362917,-3.0716667,4501.0,68.0,4.619999885559082,0.14000000059604645,-1.1399999856948853,0.07000000029802322,
HD 116114,X0371,HD 116114,xsl_spectrum_X0371_merged.fits,200.4429583,-18.7420833,8358.0,166.0,4.25,0.20999999344348907,0.8100000023841858,0.07000000029802322,
HD 116544,X0377,HD 116544,xsl_spectrum_X0377_merged.fits,201.1006667,-2.31525,4438.0,47.0,3.25,0.14000000059604645,0.1599999964237213,0.05000000074505806,
G063-026,X0359,G063-026,xsl_spectrum_X0359_merged.fits,201.1275,20.4561389,6129.0,138.0,4.159999847412109,0.14000000059604645,-1.5499999523162842,0.09000000357627869,
NGC 5139 1627,X0351,NGC 5139 1627,xsl_spectrum_X0351_merged.fits,201.4885417,-47.6733889,4520.0,47.0,1.4900000095367432,0.15000000596046448,-1.1699999570846558,0.07000000029802322,
NGC 5139 1627,X0610,NGC 5139 1627,xsl_spectrum_X0610_merged.fits,201.4885417,-47.6733889,4520.0,47.0,1.4900000095367432,0.15000000596046448,-1.1699999570846558,0.07000000029802322,
CL* NGC 5139 SAW V1,X0349,CL* NGC 5139 SAW V1,xsl_spectrum_X0349_merged.fits,201.5215417,-47.3951389,5600.0,82.0,1.6799999475479126,0.14000000059604645,-1.1799999475479126,0.07999999821186066,
CL* NGC 5139 SAW V1,X0616,CL* NGC 5139 SAW V1,xsl_spectrum_X0616_merged.fits,201.5215417,-47.3951389,5600.0,82.0,1.6799999475479126,0.14000000059604645,-1.1799999475479126,0.07999999821186066,
HD 116745,X0350,HD 116745,xsl_spectrum_X0350_merged.fits,201.6096667,-47.27425,6679.0,123.0,2.559999942779541,0.20999999344348907,-1.2699999809265137,0.10000000149011612,
HD 116745,X0619,HD 116745,xsl_spectrum_X0619_merged.fits,201.6096667,-47.27425,6679.0,123.0,2.559999942779541,0.20999999344348907,-1.2699999809265137,0.10000000149011612,
NGC 5139 3812,X0348,NGC 5139 3812,xsl_spectrum_X0348_merged.fits,201.8599167,-47.4880278,3589.0,59.0,0.05999999865889549,0.1899999976158142,-0.44999998807907104,0.17000000178813934,
NGC 5139 3812,X0615,NGC 5139 3812,xsl_spectrum_X0615_merged.fits,201.8599167,-47.4880278,3589.0,59.0,0.05999999865889549,0.1899999976158142,-0.44999998807907104,0.17000000178813934,
HD 117880,X0626,HD 117880,xsl_spectrum_X0626_merged.fits,203.3742083,-18.5150556,8843.0,252.0,3.2300000190734863,0.20999999344348907,-1.649999976158142,0.10000000149011612,
HD 118055,X0627,HD 118055,xsl_spectrum_X0627_merged.fits,203.6662917,-16.3229722,4411.0,69.0,0.8999999761581421,0.1899999976158142,-1.8200000524520874,0.14000000059604645,
HD 118100,X0625,HD 118100,xsl_spectrum_X0625_merged.fits,203.6800417,-8.3420278,4255.0,44.0,4.489999771118164,0.14000000059604645,-0.11999999731779099,0.05000000074505806,
HIP 66993,X0649,HIP 66993,xsl_spectrum_X0649_merged.fits,205.944875,-35.4043889,3706.0,59.0,4.769999980926514,0.14000000059604645,-0.49000000953674316,0.09000000357627869,
HD 119802,X0379,HD 119802,xsl_spectrum_X0379_merged.fits,206.3113333,8.8359722,4638.0,49.0,4.690000057220459,0.14000000059604645,-0.009999999776482582,0.05000000074505806,
HD 119850,X0628,HD 119850,xsl_spectrum_X0628_merged.fits,206.4324167,14.8915,3521.0,56.0,4.789999961853027,0.14000000059604645,-0.25,0.09000000357627869,
HE 1346-0427,X0631,HE 1346-0427,xsl_spectrum_X0631_merged.fits,207.3544583,-4.7040833,6030.0,136.0,3.8399999141693115,0.14000000059604645,-2.4200000762939453,0.09000000357627869,
[ABC89] Cir18,X0353,[ABC89] Cir18,xsl_spectrum_X0353_merged_ncge.fits,208.86,-59.3732778,nan,nan,nan,nan,nan,nan,
[ABC89] Cir18,X0605,[ABC89] Cir18,xsl_spectrum_X0605_merged_ncge.fits,208.86,-59.3732778,nan,nan,nan,nan,nan,nan,
[ABC89] Cir18,X0606,[ABC89] Cir18,xsl_spectrum_X0606_merged_ncge.fits,208.86,-59.3732778,nan,nan,nan,nan,nan,nan,
[ABC89] Cir18,X0635,[ABC89] Cir18,xsl_spectrum_X0635_merged_ncge.fits,208.86,-59.3732778,nan,nan,nan,nan,nan,nan,
HD 122956,X0372,HD 122956,xsl_spectrum_X0372_merged.fits,211.30425,-14.8570556,4669.0,48.0,1.440000057220459,0.15000000596046448,-1.7400000095367432,0.07000000029802322,
HD 124292,X0373,HD 124292,xsl_spectrum_X0373_merged.fits,213.1885,-3.3200833,5408.0,71.0,4.380000114440918,0.14000000059604645,-0.10999999940395355,0.05999999865889549,
BD+09 2860,X0361,BD+09 2860,xsl_spectrum_X0361_merged.fits,213.33225,8.6111111,5369.0,67.0,2.569999933242798,0.15000000596046448,-1.5800000429153442,0.09000000357627869,
BD+09 2870,X0363,BD+09 2870,xsl_spectrum_X0363_merged.fits,214.1247917,8.4646944,4664.0,51.0,1.4700000286102295,0.15000000596046448,-2.3399999141693115,0.07000000029802322,
BD+01 2916,X0360,BD+01 2916,xsl_spectrum_X0360_merged.fits,215.4385833,0.7830833,4343.0,68.0,0.7400000095367432,0.1899999976158142,-1.8700000047683716,0.14000000059604645,
HD 126053,X0382,HD 126053,xsl_spectrum_X0382_merged.fits,215.8136667,1.2415556,5588.0,88.0,4.239999771118164,0.14000000059604645,-0.41999998688697815,0.07000000029802322,
HIP 70472,X0651,HIP 70472,xsl_spectrum_X0651_merged.fits,216.20775,-17.4522222,3968.0,52.0,4.630000114440918,0.14000000059604645,-0.17000000178813934,0.07000000029802322,
HD 126661,X0617,HD 126661,xsl_spectrum_X0617_merged.fits,216.6140417,19.2268889,7617.0,151.0,3.380000114440918,0.20999999344348907,0.3799999952316284,0.07000000029802322,
HD 126778,X0409,HD 126778,xsl_spectrum_X0409_merged.fits,216.7256667,28.589,4814.0,33.0,2.450000047683716,0.14000000059604645,-0.5299999713897705,0.05999999865889549,
HD 126681,X0366,HD 126681,xsl_spectrum_X0366_merged.fits,216.8537917,-18.4112222,5588.0,126.0,4.260000228881836,0.14000000059604645,-1.2000000476837158,0.09000000357627869,
HE 1428-1950,X0637,HE 1428-1950,xsl_spectrum_X0637_merged_ncge.fits,217.7474583,-20.0616389,4838.0,33.0,2.299999952316284,0.14000000059604645,-0.8500000238418579,0.05999999865889549,
BD+18 2890,X0392,BD+18 2890,xsl_spectrum_X0392_merged.fits,218.0562083,17.4233889,5042.0,62.0,2.3499999046325684,0.15000000596046448,-1.559999942779541,0.07999999821186066,
IRAS 14303-1042,X0242,IRAS 14303-1042,xsl_spectrum_X0242_merged.fits,218.2494583,-10.9342778,2947.0,49.0,0.5600000023841858,0.20000000298023224,-0.5899999737739563,0.17000000178813934,
HD 128429,X0629,HD 128429,xsl_spectrum_X0629_merged.fits,219.2491667,-12.3052778,6342.0,99.0,4.190000057220459,0.14000000059604645,-0.11999999731779099,0.05999999865889549,
HD 128801,X0243,HD 128801,xsl_spectrum_X0243_merged.fits,219.700375,7.9111944,8774.0,161.0,2.8399999141693115,0.20999999344348907,-1.9199999570846558,0.10000000149011612,
CD-26 10417,X0650,CD-26 10417,xsl_spectrum_X0650_merged.fits,219.9459583,-26.6980556,4700.0,49.0,4.710000038146973,0.14000000059604645,-0.1599999964237213,0.05000000074505806,
HD 130095,X0370,HD 130095,xsl_spectrum_X0370_merged.fits,221.713375,-27.2483056,8882.0,254.0,3.2200000286102295,0.20999999344348907,-1.6799999475479126,0.10000000149011612,
HD 130322,X0384,HD 130322,xsl_spectrum_X0384_merged.fits,221.8863333,-0.2814722,5398.0,70.0,4.539999961853027,0.14000000059604645,0.10999999940395355,0.05999999865889549,
BD+06 2986,X0390,BD+06 2986,xsl_spectrum_X0390_merged.fits,226.2230417,5.6380833,3917.0,51.0,4.650000095367432,0.14000000059604645,-0.3700000047683716,0.09000000357627869,
BD+06 2986,X0391,BD+06 2986,xsl_spectrum_X0391_merged.fits,226.2230417,5.6380833,3917.0,51.0,4.650000095367432,0.14000000059604645,-0.3700000047683716,0.09000000357627869,
BD+30 2611,X0393,BD+30 2611,xsl_spectrum_X0393_merged.fits,226.72425,30.01025,4357.0,68.0,0.9599999785423279,0.1899999976158142,-1.4800000190734863,0.12999999523162842,
BD+30 2611,X0394,BD+30 2611,xsl_spectrum_X0394_merged.fits,226.72425,30.01025,4357.0,68.0,0.9599999785423279,0.1899999976158142,-1.4800000190734863,0.12999999523162842,
HD 134063,X0395,HD 134063,xsl_spectrum_X0395_merged.fits,226.8143333,22.5643611,4882.0,35.0,2.3499999046325684,0.14000000059604645,-0.6899999976158142,0.05999999865889549,
HD 134063,X0618,HD 134063,xsl_spectrum_X0618_merged.fits,226.8143333,22.5643611,4882.0,35.0,2.3499999046325684,0.14000000059604645,-0.6899999976158142,0.05999999865889549,
IRAS 15060+0947,X0234,IRAS 15060+0947,xsl_spectrum_X0234_merged_ncl_ncge.fits,227.1072917,9.6050833,2857.0,49.0,0.7099999785423279,0.23999999463558197,-0.25999999046325684,0.18000000715255737,
HD 134440,X0383,HD 134440,xsl_spectrum_X0383_merged.fits,227.5540417,-16.4629167,4949.0,75.0,4.75,0.14000000059604645,-1.2699999809265137,0.07000000029802322,
HD 134439,X0374,HD 134439,xsl_spectrum_X0374_merged.fits,227.5545417,-16.3793889,5106.0,96.0,4.610000133514404,0.14000000059604645,-1.350000023841858,0.09000000357627869,
CL* NGC 5904 Arp III-03,X0380,CL* NGC 5904 Arp III-03,xsl_spectrum_X0380_merged.fits,229.5778333,2.0758056,4158.0,42.0,1.0199999809265137,0.15000000596046448,-1.2300000190734863,0.07000000029802322,
CL* NGC 5904 Arp IV-19,X0381,CL* NGC 5904 Arp IV-19,xsl_spectrum_X0381_merged.fits,229.6460417,2.0185833,4242.0,43.0,1.0700000524520874,0.15000000596046448,-1.2300000190734863,0.07000000029802322,
HIP 75423,X0683,HIP 75423,xsl_spectrum_X0683_merged.fits,231.190625,-17.1275833,3490.0,55.0,4.78000020980835,0.14000000059604645,0.0,0.07000000029802322,
HIP 75423,X0684,HIP 75423,xsl_spectrum_X0684_merged.fits,231.190625,-17.1275833,3490.0,55.0,4.78000020980835,0.14000000059604645,0.0,0.07000000029802322,
HD 138290,X0410,HD 138290,xsl_spectrum_X0410_merged.fits,232.7309583,8.5790833,6866.0,136.0,4.210000038146973,0.20999999344348907,-0.029999999329447746,0.07000000029802322,
HD 138776,X0685,HD 138776,xsl_spectrum_X0685_merged.fits,233.5705,-2.7240556,5528.0,86.0,4.039999961853027,0.14000000059604645,0.2800000011920929,0.05999999865889549,
HD 138776,X0686,HD 138776,xsl_spectrum_X0686_merged.fits,233.5705,-2.7240556,5528.0,86.0,4.039999961853027,0.14000000059604645,0.2800000011920929,0.05999999865889549,
X Lib,X0689,X Lib,xsl_spectrum_X0689_merged.fits,234.0529583,-21.1510833,3370.0,34.0,1.0499999523162842,0.14000000059604645,-0.38999998569488525,0.09000000357627869,
X Lib,X0690,X Lib,xsl_spectrum_X0690_merged.fits,234.0529583,-21.1510833,3370.0,34.0,1.0499999523162842,0.14000000059604645,-0.38999998569488525,0.09000000357627869,
HD 140232,X0633,HD 140232,xsl_spectrum_X0633_merged.fits,235.478,18.4640278,8077.0,160.0,3.930000066757202,0.20999999344348907,0.41999998688697815,0.07000000029802322,
HD 139717,X0632,HD 139717,xsl_spectrum_X0632_merged.fits,235.5871667,-55.3119167,6618.0,85.0,1.350000023841858,0.20999999344348907,0.20999999344348907,0.07000000029802322,
HD 140283,X0687,HD 140283,xsl_spectrum_X0687_merged.fits,235.7629167,-10.9335,5718.0,129.0,3.6600000858306885,0.14000000059604645,-2.430000066757202,0.09000000357627869,
HD 140283,X0688,HD 140283,xsl_spectrum_X0688_merged.fits,235.7629167,-10.9335,5718.0,129.0,3.6600000858306885,0.14000000059604645,-2.430000066757202,0.09000000357627869,
HD 141531,X0500,HD 141531,xsl_spectrum_X0500_merged.fits,237.31875,9.6117778,4451.0,44.0,1.0399999618530273,0.14000000059604645,-1.649999976158142,0.07000000029802322,
HD 141531,X0501,HD 141531,xsl_spectrum_X0501_merged.fits,237.31875,9.6117778,4451.0,44.0,1.0399999618530273,0.14000000059604645,-1.649999976158142,0.07000000029802322,
HD 141531,X0620,HD 141531,xsl_spectrum_X0620_merged.fits,237.31875,9.6117778,4451.0,44.0,1.0399999618530273,0.14000000059604645,-1.649999976158142,0.07000000029802322,
HD 141531,X0634,HD 141531,xsl_spectrum_X0634_merged.fits,237.31875,9.6117778,4451.0,44.0,1.0399999618530273,0.14000000059604645,-1.649999976158142,0.07000000029802322,
HD 142575,X0636,HD 142575,xsl_spectrum_X0636_merged.fits,238.7618333,5.0700278,6756.0,134.0,4.210000038146973,0.20999999344348907,-0.7200000286102295,0.09000000357627869,
HD 142703,X0691,HD 142703,xsl_spectrum_X0691_merged.fits,239.1390417,-14.8294167,7219.0,206.0,4.239999771118164,0.20999999344348907,-1.159999966621399,0.10000000149011612,
HD 143459,X0386,HD 143459,xsl_spectrum_X0386_merged.fits,240.1984583,-8.4113333,10689.0,290.0,4.010000228881836,0.23999999463558197,-0.1899999976158142,0.07999999821186066,
HD 144172,X0455,HD 144172,xsl_spectrum_X0455_merged.fits,241.1232917,0.6722222,6346.0,99.0,4.099999904632568,0.14000000059604645,-0.4399999976158142,0.07000000029802322,
HD 144921,X0498,HD 144921,xsl_spectrum_X0498_merged.fits,241.8635417,24.9083056,4122.0,64.0,0.4699999988079071,0.1899999976158142,-1.690000057220459,0.14000000059604645,
HD 144921,X0694,HD 144921,xsl_spectrum_X0694_merged.fits,241.8635417,24.9083056,4122.0,64.0,0.4699999988079071,0.1899999976158142,-1.690000057220459,0.14000000059604645,
CPD-53 07400f,X0365,CPD-53 07400A,xsl_spectrum_X0365_merged.fits,243.3250417,-54.2350833,5818.0,59.0,1.090000033378601,0.14000000059604645,0.07999999821186066,0.05999999865889549,
CPD-53 07400f,X0367,CPD-53 07400A,xsl_spectrum_X0367_merged.fits,243.3250417,-54.2350833,5818.0,59.0,1.090000033378601,0.14000000059604645,0.07999999821186066,0.05999999865889549,
HD 147550,X0245,HD 147550,xsl_spectrum_X0245_merged.fits,245.6620833,-2.0798611,10044.0,273.0,3.819999933242798,0.23999999463558197,-0.25999999046325684,0.10000000149011612,
BD-11 4126,X0356,BD-11 4126,xsl_spectrum_X0356_merged.fits,245.862125,-11.5945833,4722.0,49.0,4.599999904632568,0.14000000059604645,-0.03999999910593033,0.05000000074505806,
CL* NGC 6121 LEE 2626,X0354,CL* NGC 6121 LEE 2626,xsl_spectrum_X0354_merged.fits,245.8622917,-26.5253611,4473.0,62.0,1.6200000047683716,0.1899999976158142,-1.2000000476837158,0.10000000149011612,
CL* NGC 6121 LEE 2626,X0502,CL* NGC 6121 LEE 2626,xsl_spectrum_X0502_merged.fits,245.8622917,-26.5253611,4473.0,62.0,1.6200000047683716,0.1899999976158142,-1.2000000476837158,0.10000000149011612,
CL* NGC 6121 LEE 2626,X0661,CL* NGC 6121 LEE 2626,xsl_spectrum_X0661_merged.fits,245.8622917,-26.5253611,4473.0,62.0,1.6200000047683716,0.1899999976158142,-1.2000000476837158,0.10000000149011612,
CL* NGC 6121 LEE 2303,X0640,CL* NGC 6121 LEE 2303,xsl_spectrum_X0640_merged.fits,245.883125,-26.4050556,6957.0,138.0,3.569999933242798,0.2199999988079071,-0.6700000166893005,0.09000000357627869,
CL* NGC 6121 LEE 4302,X0352,CL* NGC 6121 LEE 4302,xsl_spectrum_X0352_merged.fits,245.9059167,-26.6399722,4756.0,58.0,1.409999966621399,0.1599999964237213,-1.2599999904632568,0.07999999821186066,
CL* NGC 6121 LEE 4302,X0621,CL* NGC 6121 LEE 4302,xsl_spectrum_X0621_merged.fits,245.9059167,-26.6399722,4756.0,58.0,1.409999966621399,0.1599999964237213,-1.2599999904632568,0.07999999821186066,
CL* NGC 6121 LEE 4611,X0364,CL* NGC 6121 LEE 4611,xsl_spectrum_X0364_merged.fits,245.9102917,-26.5553611,3953.0,48.0,1.059999942779541,0.14000000059604645,-1.0399999618530273,0.10000000149011612,
CL* NGC 6121 LEE 4611,X0908,CL* NGC 6121 LEE 4611,xsl_spectrum_X0908_merged.fits,245.9102917,-26.5553611,3953.0,48.0,1.059999942779541,0.14000000059604645,-1.0399999618530273,0.10000000149011612,
CL* NGC 6121 LEE 4613,X0909,CL* NGC 6121 LEE 4613,xsl_spectrum_X0909_merged.fits,245.9134583,-26.5516944,3953.0,48.0,1.059999942779541,0.14000000059604645,-1.0299999713897705,0.10000000149011612,
BD+09 3223,X0464,BD+09 3223,xsl_spectrum_X0464_merged.fits,248.39825,9.1045278,5498.0,67.0,3.0,0.14000000059604645,-1.899999976158142,0.07999999821186066,
HD 149382,X0692,HD 149382,xsl_spectrum_X0692_merged_ncge.fits,248.5972083,-4.0144444,34165.0,1332.0,5.539999961853027,0.23999999463558197,-1.159999966621399,0.11999999731779099,
HD 150281,X0456,HD 150281,xsl_spectrum_X0456_merged.fits,249.9582917,5.5071944,5193.0,68.0,4.590000152587891,0.14000000059604645,0.15000000596046448,0.05999999865889549,
G169-28,X0225,G169-28,xsl_spectrum_X0225_merged.fits,252.5477917,22.3138889,5805.0,131.0,4.199999809265137,0.14000000059604645,-1.3899999856948853,0.09000000357627869,
GJ 644C,X0156,GJ 644C,xsl_spectrum_X0156_merged_ncl_ncge.fits,253.8969167,-8.3946389,2830.0,62.0,1.4600000381469727,0.4399999976158142,-1.25,0.5600000023841858,
G019-013,X0458,G019-013,xsl_spectrum_X0458_merged.fits,256.264125,-5.0665,4185.0,44.0,4.619999885559082,0.14000000059604645,-0.44999998807907104,0.05999999865889549,
HIP 84123,X0659,HIP 84123,xsl_spectrum_X0659_merged.fits,257.9677083,-1.85175,3325.0,53.0,4.900000095367432,0.14000000059604645,-0.36000001430511475,0.09000000357627869,
CD-69 1618,X0357,CD-69 1618,xsl_spectrum_X0357_merged.fits,258.1370833,-70.0856944,19879.0,542.0,3.4600000381469727,0.23999999463558197,-0.029999999329447746,0.07999999821186066,He-rich
HD 157089,X0140,HD 157089,xsl_spectrum_X0140_merged.fits,260.2794167,1.4430278,5774.0,90.0,3.9700000286102295,0.14000000059604645,-0.6200000047683716,0.07000000029802322,
CD-49 11404,X0355,CD-49 11404,xsl_spectrum_X0355_merged.fits,261.208625,-49.9488889,4619.0,33.0,2.6500000953674316,0.14000000059604645,0.05000000074505806,0.05000000074505806,
CD-49 11404,X0454,CD-49 11404,xsl_spectrum_X0454_merged.fits,261.208625,-49.9488889,4619.0,33.0,2.6500000953674316,0.14000000059604645,0.05000000074505806,0.05000000074505806,
RR Ara,X0396,RR Ara,xsl_spectrum_X0396_merged_ncl.fits,261.9665,-49.90425,2997.0,49.0,0.36000001430511475,0.1899999976158142,0.0,0.14000000059604645,
RR Ara,X0397,RR Ara,xsl_spectrum_X0397_merged.fits,261.9665,-49.90425,2997.0,49.0,0.36000001430511475,0.1899999976158142,0.0,0.14000000059604645,
FR Her,X0638,FR Her,xsl_spectrum_X0638_merged.fits,264.2748333,18.2179722,3116.0,51.0,0.20999999344348907,0.1899999976158142,-0.36000001430511475,0.17000000178813934,
HD 160365,X0141,HD 160365,xsl_spectrum_X0141_merged.fits,264.7410417,13.32925,6237.0,97.0,3.4100000858306885,0.14000000059604645,0.07999999821186066,0.05999999865889549,
HD 160346,X0142,HD 160346,xsl_spectrum_X0142_merged.fits,264.8205417,3.55525,4926.0,51.0,4.679999828338623,0.14000000059604645,0.019999999552965164,0.05000000074505806,
NGC 6397 211,X0643,NGC 6397 211,xsl_spectrum_X0643_merged.fits,265.355875,-53.6271944,4310.0,67.0,0.6399999856948853,0.1899999976158142,-2.059999942779541,0.12999999523162842,
HD 161149,X0488,HD 161149,xsl_spectrum_X0488_merged.fits,265.84175,14.2951667,6899.0,137.0,3.819999933242798,0.20999999344348907,0.3799999952316284,0.07000000029802322,
HD 161227,X0674,HD 161227,xsl_spectrum_X0674_merged.fits,266.246875,-16.7629444,7238.0,143.0,3.7699999809265137,0.20999999344348907,0.4399999976158142,0.07000000029802322,
HD 161370,X0465,HD 161370,xsl_spectrum_X0465_merged.fits,266.2536667,5.5228889,8568.0,170.0,4.389999866485596,0.20999999344348907,-0.029999999329447746,0.07000000029802322,
HD 161817,X0639,HD 161817,xsl_spectrum_X0639_merged.fits,266.6692917,25.7491389,7779.0,143.0,2.430000066757202,0.20999999344348907,-1.309999942779541,0.10000000149011612,
G20-15,X0157,G20-15,xsl_spectrum_X0157_merged.fits,266.8665417,-8.7799167,6161.0,139.0,4.25,0.14000000059604645,-1.4600000381469727,0.09000000357627869,
OGLEII DIA BUL-SC26 0532,X0144,OGLEII DIA BUL-SC26 0532,xsl_spectrum_X0144_merged_ncl.fits,266.926375,-35.3326389,3344.0,56.0,0.3700000047683716,0.20999999344348907,-0.12999999523162842,0.17000000178813934,A few artificial waves in the VIS arm (residuals from stripes in raw images)
HD 161770,X0143,HD 161770,xsl_spectrum_X0143_merged.fits,266.942,-9.6051111,5811.0,131.0,3.8399999141693115,0.14000000059604645,-1.5299999713897705,0.09000000357627869,
OGLEII DIA BUL-SC15 1379,X0158,OGLEII DIA BUL-SC15 1379,xsl_spectrum_X0158_merged_ncl_ncge.fits,267.1042917,-23.2595833,nan,nan,nan,nan,nan,nan,
OGLEII DIA BUL-SC15 2106,X0159,OGLEII DIA BUL-SC15 2106,xsl_spectrum_X0159_merged_ncl_ncge.fits,267.1264583,-23.0898333,3102.0,68.0,0.5899999737739563,0.3100000023841858,-0.14000000059604645,0.2800000011920929,
V348 Sco,X0647,V348 Sco,xsl_spectrum_X0647_merged.fits,267.8747083,-43.2731667,3023.0,50.0,0.6600000262260437,0.1899999976158142,-0.5199999809265137,0.17000000178813934,
SY Pav,X0642,SY Pav,xsl_spectrum_X0642_merged.fits,268.0196667,-57.8627778,3167.0,33.0,1.3600000143051147,0.14000000059604645,-0.3199999928474426,0.09000000357627869,
SY Pav,X0644,SY Pav,xsl_spectrum_X0644_merged.fits,268.0196667,-57.8627778,3167.0,33.0,1.3600000143051147,0.14000000059604645,-0.3199999928474426,0.09000000357627869,
SY Pav,X0910,SY Pav,xsl_spectrum_X0910_merged.fits,268.0196667,-57.8627778,3167.0,33.0,1.3600000143051147,0.14000000059604645,-0.3199999928474426,0.09000000357627869,
SY Pav,X0911,SY Pav,xsl_spectrum_X0911_merged.fits,268.0196667,-57.8627778,3167.0,33.0,1.3600000143051147,0.14000000059604645,-0.3199999928474426,0.09000000357627869,
HD 162652,X0466,HD 162652,xsl_spectrum_X0466_merged_scl.fits,268.0216667,1.1111667,4928.0,33.0,2.609999895095825,0.14000000059604645,0.0,0.05000000074505806,
OGLEII DIA BUL-SC41 3443,X0145,OGLEII DIA BUL-SC41 3443,xsl_spectrum_X0145_merged_ncge.fits,268.057875,-32.7761111,nan,nan,nan,nan,nan,nan,
OGLEII DIA BUL-SC41 3304,X0146,OGLEII DIA BUL-SC41 3304,xsl_spectrum_X0146_merged_ncl_ncge.fits,268.1080417,-32.8188611,nan,nan,nan,nan,nan,nan,
OGLEII DIA BUL-SC03 3941,X0160,OGLEII DIA BUL-SC03 3941,xsl_spectrum_X0160_merged.fits,268.3857083,-29.9536111,3546.0,37.0,1.0800000429153442,0.17000000178813934,-0.550000011920929,0.12999999523162842,
OGLEII DIA BUL-SC24 0989,X0147,OGLEII DIA BUL-SC24 0989,xsl_spectrum_X0147_merged_ncl_ncge.fits,268.4139583,-33.1008611,3036.0,86.0,0.05000000074505806,0.4000000059604645,0.800000011920929,0.14000000059604645,
OGLEII DIA BUL-SC03 1890,X0246,OGLEII DIA BUL-SC03 1890,xsl_spectrum_X0246_merged.fits,268.4384583,-30.1976944,3315.0,54.0,0.5799999833106995,0.20000000298023224,-0.4000000059604645,0.18000000715255737,
2MASS J17535707-2931427,X0247,2MASS J17535707-2931427,xsl_spectrum_X0247_merged.fits,268.4877917,-29.5285556,4723.0,37.0,2.0299999713897705,0.15000000596046448,-0.03999999910593033,0.05000000074505806,
OGLEII DIA BUL-SC04 9008,X0251,OGLEII DIA BUL-SC04 9008,xsl_spectrum_X0251_merged.fits,268.6164583,-29.2627778,3533.0,36.0,1.1799999475479126,0.15000000596046448,-0.5,0.09000000357627869,
OGLEII DIA BUL-SC04 4628,X0250,OGLEII DIA BUL-SC04 4628,xsl_spectrum_X0250_merged_ncl_ncge.fits,268.6392083,-29.7344722,3425.0,81.0,0.8299999833106995,0.20000000298023224,-1.190000057220459,0.20999999344348907,
BD+20 3603,X0387,BD+20 3603,xsl_spectrum_X0387_merged.fits,268.680125,20.2712222,6166.0,139.0,4.090000152587891,0.14000000059604645,-2.009999990463257,0.09000000357627869,
OGLEII DIA BUL-SC04 1709,X0252,OGLEII DIA BUL-SC04 1709,xsl_spectrum_X0252_merged_ncl_ncge.fits,268.7044583,-30.0086111,3047.0,78.0,1.6699999570846558,0.3499999940395355,0.18000000715255737,0.3499999940395355,
HD 163346,X0269,HD 163346,xsl_spectrum_X0269_merged.fits,268.9062917,2.0749167,7049.0,140.0,4.159999847412109,0.20999999344348907,0.15000000596046448,0.07000000029802322,"A few artificial waves in the VIS arm, as for X0144"
HD 163641,X0270,HD 163641,xsl_spectrum_X0270_merged.fits,269.23325,6.4877222,12289.0,334.0,3.930000066757202,0.23999999463558197,0.20000000298023224,0.07999999821186066,
OGLEII DIA BUL-SC22 1319,X0253,OGLEII DIA BUL-SC22 1319,xsl_spectrum_X0253_merged.fits,269.2924583,-31.0379722,3097.0,55.0,0.3400000035762787,0.2199999988079071,0.0,0.17000000178813934,
HD 163810,X0282,HD 163810,xsl_spectrum_X0282_merged.fits,269.6602083,-13.0971111,5706.0,129.0,4.429999828338623,0.14000000059604645,-1.2100000381469727,0.09000000357627869,
HD 164115,X0677,HD 164115,xsl_spectrum_X0677_merged.fits,269.8627917,6.4189444,6792.0,134.0,3.859999895095825,0.20999999344348907,0.15000000596046448,0.07000000029802322,
TLE Sgr I 55,X0226,TLE Sgr I 55,xsl_spectrum_X0226_merged_ncl_ncge.fits,269.8735417,-29.0557222,nan,nan,nan,nan,nan,nan,
HD 164257,X0228,HD 164257,xsl_spectrum_X0228_merged.fits,270.0304583,6.5539167,10885.0,296.0,3.6700000762939453,0.23999999463558197,0.7300000190734863,0.07999999821186066,
TLE Sgr I 117,X0229,TLE Sgr I 117,xsl_spectrum_X0229_merged_ncl_ncge.fits,270.190625,-29.1848056,nan,nan,nan,nan,nan,nan,
HD 164432,X0467,HD 164432,xsl_spectrum_X0467_merged.fits,270.22025,6.2682778,20013.0,543.0,3.630000114440918,0.23999999463558197,-0.019999999552965164,0.07999999821186066,
OGLEII DIA BUL-SC30 0707,X0230,OGLEII DIA BUL-SC30 0707,xsl_spectrum_X0230_merged_ncl.fits,270.44225,-29.1884167,3012.0,34.0,1.5399999618530273,0.1599999964237213,-0.15000000596046448,0.09000000357627869,
OGLEII DIA BUL-SC01 0235,X0231,OGLEII DIA BUL-SC01 0235,xsl_spectrum_X0231_merged_ncl.fits,270.5526667,-30.3763611,3121.0,52.0,0.6000000238418579,0.20000000298023224,-0.4399999976158142,0.18000000715255737,
OGLEII DIA BUL-SC01 1821,X0254,OGLEII DIA BUL-SC01 1821,xsl_spectrum_X0254_merged.fits,270.5531667,-30.03675,3438.0,36.0,1.159999966621399,0.15000000596046448,-0.4699999988079071,0.10000000149011612,
BMB 3,X0255,BMB 3,xsl_spectrum_X0255_merged_ncl_ncge.fits,270.6905417,-30.02,nan,nan,nan,nan,nan,nan,
BMB 2,X0256,BMB 2,xsl_spectrum_X0256_merged_ncl.fits,270.6921667,-30.0808056,nan,nan,nan,nan,nan,nan,
BMB 13,X0257,BMB 13,xsl_spectrum_X0257_merged.fits,270.7199167,-29.9093333,nan,nan,nan,nan,nan,nan,
HD 164967,X0468,HD 164967,xsl_spectrum_X0468_merged.fits,270.8377083,8.4193333,9351.0,187.0,4.519999980926514,0.20999999344348907,-0.28999999165534973,0.09000000357627869,
BMB 106,X0169,BMB 106,xsl_spectrum_X0169_merged_ncl.fits,270.8552083,-29.9967778,nan,nan,nan,nan,nan,nan,
CL* NGC 6522 ARP 4126,X0405,CL* NGC 6522 ARP 4126,xsl_spectrum_X0405_merged.fits,270.8652917,-30.0156944,4300.0,30.0,2.380000114440918,0.14000000059604645,-0.12999999523162842,0.05000000074505806,
CL* NGC 6522 Arp 4329,X0170,CL* NGC 6522 Arp 4329,xsl_spectrum_X0170_merged.fits,270.8684583,-29.9782222,4321.0,40.0,1.7200000286102295,0.17000000178813934,-0.8799999952316284,0.07000000029802322,
V5475 Sgr,X0398,V5475 Sgr,xsl_spectrum_X0398_merged_ncl.fits,270.883,-30.0079722,3223.0,53.0,0.550000011920929,0.1899999976158142,-0.23000000417232513,0.17000000178813934,
V5475 Sgr,X0399,V5475 Sgr,xsl_spectrum_X0399_merged.fits,270.883,-30.0079722,3223.0,53.0,0.550000011920929,0.1899999976158142,-0.23000000417232513,0.17000000178813934,
CL* NGC 6522 ARP 3190,X0403,CL* NGC 6522 ARP 3190,xsl_spectrum_X0403_merged.fits,270.8905833,-30.0659167,3813.0,32.0,1.590000033378601,0.14000000059604645,-0.4399999976158142,0.09000000357627869,
CL* NGC 6522 ARP 3213,X0424,CL* NGC 6522 ARP 3213,xsl_spectrum_X0424_merged_ncge.fits,270.8965,-30.0903889,3811.0,74.0,0.49000000953674316,0.1899999976158142,-1.7000000476837158,0.20000000298023224,Superimposed stars with very different velocities. One dominant in the UVB arm (cz -198 km/s ); the other in the NIR (cz +30 km/s). The UVB velocity is used for the barycentric correction in all arms.
2MASS J18033716-2954227,X0152,2MASS J18033716-2954227,xsl_spectrum_X0152_merged.fits,270.9048333,-29.9063056,4250.0,30.0,2.549999952316284,0.15000000596046448,0.44999998807907104,0.05000000074505806,
CL* NGC 6522 ARP 1021,X0400,CL* NGC 6522 ARP 1021,xsl_spectrum_X0400_merged.fits,270.915,-29.9732778,4487.0,31.0,2.5399999618530273,0.14000000059604645,0.3199999928474426,0.05000000074505806,
CL* NGC 6522 ARP 1021,X0401,CL* NGC 6522 ARP 1021,xsl_spectrum_X0401_merged.fits,270.915,-29.9732778,4487.0,31.0,2.5399999618530273,0.14000000059604645,0.3199999928474426,0.05000000074505806,
CL* NGC 6522 ARP 1073,X0402,CL* NGC 6522 ARP 1073,xsl_spectrum_X0402_merged.fits,270.928125,-29.9832222,3817.0,32.0,1.559999942779541,0.14000000059604645,-0.20000000298023224,0.09000000357627869,
BMB 162,X0173,BMB 162,xsl_spectrum_X0173_merged_ncl.fits,270.929375,-30.1316944,3158.0,63.0,0.8999999761581421,0.28999999165534973,-0.6399999856948853,0.2800000011920929,
[B86] 133,X0172,[B86] 133,xsl_spectrum_X0172_merged.fits,270.9394583,-30.0501111,3453.0,57.0,0.6700000166893005,0.20000000298023224,-0.11999999731779099,0.15000000596046448,
BMB 245,X0153,BMB 245,xsl_spectrum_X0153_merged.fits,271.026625,-30.1804722,nan,nan,nan,nan,nan,nan,
2MASS J18041187-3006214,X0431,2MASS J18041187-3006214,xsl_spectrum_X0431_merged_ncl_ncge.fits,271.0495,-30.1059444,nan,nan,nan,nan,nan,nan,
BMB 286,X0154,BMB 286,xsl_spectrum_X0154_merged.fits,271.0935417,-30.0148056,nan,nan,nan,nan,nan,nan,
BMB 289,X0155,BMB 289,xsl_spectrum_X0155_merged_ncl_ncge.fits,271.0944167,-29.9143889,nan,nan,nan,nan,nan,nan,
BMB 300,X0293,BMB 300,xsl_spectrum_X0293_merged_ncl.fits,271.1133333,-30.0493056,3318.0,57.0,0.3499999940395355,0.2199999988079071,-0.1899999976158142,0.20000000298023224,
HD 165195,X0232,HD 165195,xsl_spectrum_X0232_merged.fits,271.1669583,3.7790833,4404.0,69.0,0.8299999833106995,0.1899999976158142,-2.2699999809265137,0.14000000059604645,
OGLEII DIA BUL-SC33 4149,X0185,OGLEII DIA BUL-SC33 4149,xsl_spectrum_X0185_merged_ncl_ncge.fits,271.4142083,-28.5079722,3055.0,60.0,1.399999976158142,0.3199999928474426,-0.20999999344348907,0.2800000011920929,
OGLEII DIA BUL-SC36 2158,X0186,OGLEII DIA BUL-SC36 2158,xsl_spectrum_X0186_merged_ncl_ncge.fits,271.4695,-28.1935,2868.0,46.0,1.809999942779541,0.30000001192092896,0.23999999463558197,0.2199999988079071,
OGLEII DIA BUL-SC33 0357,X0187,OGLEII DIA BUL-SC33 0357,xsl_spectrum_X0187_merged_ncl.fits,271.4848333,-29.2771667,3087.0,52.0,0.8700000047683716,0.20999999344348907,-0.5,0.1899999976158142,
HD 165438,X0233,HD 165438,xsl_spectrum_X0233_merged.fits,271.5633333,-4.75125,4886.0,51.0,3.509999990463257,0.14000000059604645,0.05000000074505806,0.05000000074505806,
OGLEII DIA BUL-SC19 2302,X0188,OGLEII DIA BUL-SC19 2302,xsl_spectrum_X0188_merged_ncl.fits,271.8967083,-27.2595,3360.0,35.0,1.5199999809265137,0.15000000596046448,-0.1899999976158142,0.09000000357627869,
OGLEII DIA BUL-SC06 2525,X0189,OGLEII DIA BUL-SC06 2525,xsl_spectrum_X0189_merged_ncl.fits,271.96375,-31.8171389,2953.0,32.0,1.1799999475479126,0.1599999964237213,-0.17000000178813934,0.09000000357627869,
OGLEII DIA BUL-SC19 2332,X0190,OGLEII DIA BUL-SC19 2332,xsl_spectrum_X0190_merged_ncl_ncge.fits,271.9905833,-27.2643611,3038.0,52.0,0.33000001311302185,0.20999999344348907,0.6299999952316284,0.15000000596046448,"O-rich Mira, possible TiO emission near 1.25 micro-m (Lancon et al. 2018)"
HD 165887,X0469,HD 165887,xsl_spectrum_X0469_merged.fits,272.0301667,2.2186667,8297.0,165.0,3.619999885559082,0.20999999344348907,-0.03999999910593033,0.07000000029802322,
2MASS J18080765-3142020,X0191,2MASS J18080765-3142020,xsl_spectrum_X0191_merged_ncl.fits,272.0319167,-31.7005833,3202.0,53.0,0.5799999833106995,0.20000000298023224,-0.5699999928474426,0.18000000715255737,
OGLEII DIA BUL-SC19 2948,X0192,OGLEII DIA BUL-SC19 2948,xsl_spectrum_X0192_merged_ncl_ncge.fits,272.0675417,-27.1479444,nan,nan,nan,nan,nan,nan,
2MASS J18083220-3201531,X0193,2MASS J18083220-3201531,xsl_spectrum_X0193_merged_ncl.fits,272.1342083,-32.0314444,3294.0,54.0,0.75,0.20000000298023224,-0.4699999988079071,0.18000000715255737,
2MASS J18092055-3147006,X0426,,xsl_spectrum_X0426_merged.fits,272.335625,-31.7835,nan,nan,nan,nan,nan,nan,
2MASS J18092323-3141039,X0419,,xsl_spectrum_X0419_merged.fits,272.3467917,-31.6844167,nan,nan,nan,nan,nan,nan,
2MASS J18093159-3150397,X0406,,xsl_spectrum_X0406_merged_scl.fits,272.381625,-31.8443611,nan,nan,nan,nan,nan,nan,
2MASS J18093159-3150397,X0427,,xsl_spectrum_X0427_merged.fits,272.381625,-31.8443611,nan,nan,nan,nan,nan,nan,
2MASS J18093344-3145250,X0652,,xsl_spectrum_X0652_merged.fits,272.389375,-31.7569444,nan,nan,nan,nan,nan,nan,
OGLE 204664c4?,X0660,,xsl_spectrum_X0660_merged.fits,272.3916667,-31.6475,nan,nan,nan,nan,nan,nan,"G8V/K0V star. This name was taken from Zoccali et al. (2008), but does not directly relate to the OGLE survey catalogs. Prefer Gaia DR2 4049054206130689024."
HD 166161,X0449,HD 166161,xsl_spectrum_X0449_merged.fits,272.4195,-8.7793333,5246.0,65.0,2.1700000762939453,0.15000000596046448,-1.2100000381469727,0.07999999821186066,
HD 166283,X0459,HD 166283,xsl_spectrum_X0459_merged.fits,272.436625,4.6031111,8296.0,165.0,3.940000057220459,0.20999999344348907,0.03999999910593033,0.07000000029802322,
XZ Her,X0489,XZ Her,xsl_spectrum_X0489_merged.fits,272.5150417,18.1070556,3353.0,55.0,0.6899999976158142,0.1899999976158142,-0.14000000059604645,0.14000000059604645,
OGLEII DIA BUL-SC16 1428,X0168,OGLEII DIA BUL-SC16 1428,xsl_spectrum_X0168_merged_ncl_ncge.fits,272.6230833,-26.4833611,3054.0,36.0,2.119999885559082,0.15000000596046448,0.1899999976158142,0.10000000149011612,
HD 166991,X0450,HD 166991,xsl_spectrum_X0450_merged.fits,273.2659583,2.9805556,9008.0,179.0,4.489999771118164,0.20999999344348907,-0.20000000298023224,0.09000000357627869,Artifacts in K-band (NIR arm)
HD 167278,X0271,HD 167278,xsl_spectrum_X0271_merged.fits,273.6402083,0.1758056,6521.0,130.0,4.21999979019165,0.20999999344348907,-0.12999999523162842,0.07000000029802322,
OGLEII DIA BUL-SC13 0324,X0296,OGLEII DIA BUL-SC13 0324,xsl_spectrum_X0296_merged_ncge.fits,274.198,-24.3423056,3154.0,56.0,0.6000000238418579,0.23000000417232513,-0.25999999046325684,0.2199999988079071,
OGLEII DIA BUL-SC13 1542,X0301,OGLEII DIA BUL-SC13 1542,xsl_spectrum_X0301_merged_ncl_ncge.fits,274.2769583,-23.9932778,nan,nan,nan,nan,nan,nan,
HD 167946,X0460,HD 167946,xsl_spectrum_X0460_merged.fits,274.309875,5.7535833,10079.0,277.0,4.090000152587891,0.23999999463558197,-0.4699999988079071,0.10000000149011612,
RY CrA,X0368,RY CrA,xsl_spectrum_X0368_merged_ncl.fits,275.4919583,-44.8998333,3405.0,35.0,1.2200000286102295,0.14000000059604645,-0.4699999988079071,0.09000000357627869,
RY CrA,X0428,RY CrA,xsl_spectrum_X0428_merged.fits,275.4919583,-44.8998333,3405.0,35.0,1.2200000286102295,0.14000000059604645,-0.4699999988079071,0.09000000357627869,
HD 169032,X0461,HD 169032,xsl_spectrum_X0461_merged.fits,275.6125417,7.2262778,8301.0,166.0,3.4800000190734863,0.2199999988079071,-0.03999999910593033,0.07000000029802322,
OGLEII DIA BUL-SC08 1687,X0218,OGLEII DIA BUL-SC08 1687,xsl_spectrum_X0218_merged_ncl_ncge.fits,275.8344167,-21.5983056,nan,nan,nan,nan,nan,nan,
HD 170413,X0481,HD 170413,xsl_spectrum_X0481_merged.fits,277.3186667,0.3231111,4740.0,33.0,2.509999990463257,0.14000000059604645,-0.07999999821186066,0.05000000074505806,
HD 170756,X0300,HD 170756,xsl_spectrum_X0300_merged.fits,277.5676667,21.8668333,5274.0,66.0,1.3899999856948853,0.15000000596046448,-1.3600000143051147,0.09000000357627869,
HD 170783,X0470,HD 170783,xsl_spectrum_X0470_merged.fits,277.7685417,4.6269444,15500.0,421.0,3.630000114440918,0.23999999463558197,0.28999999165534973,0.07999999821186066,
HD 170899,X0641,HD 170899,xsl_spectrum_X0641_merged.fits,277.8590417,8.02725,4640.0,32.0,2.0399999618530273,0.14000000059604645,-0.23999999463558197,0.05999999865889549,
HD 170820,X0299,HD 170820,xsl_spectrum_X0299_merged.fits,278.054625,-19.1239722,4478.0,31.0,1.2799999713897705,0.14000000059604645,-0.029999999329447746,0.05000000074505806,
HD 171234,X0648,HD 171234,xsl_spectrum_X0648_merged.fits,278.38225,1.9035556,8070.0,160.0,3.950000047683716,0.20999999344348907,0.05999999865889549,0.07000000029802322,
HD 171367,X0678,HD 171367,xsl_spectrum_X0678_merged.fits,278.6052917,3.8307222,4385.0,30.0,2.1500000953674316,0.14000000059604645,-0.7400000095367432,0.05999999865889549,
2MASS J18351420-3438060,X0698,2MASS J18351420-3438060,xsl_spectrum_X0698_merged.fits,278.8092083,-34.635,nan,nan,nan,nan,nan,nan,
2MASS J18351799-3428093,X0139,2MASS J18351799-3428093,xsl_spectrum_X0139_merged.fits,278.8249583,-34.4692778,4528.0,31.0,2.549999952316284,0.14000000059604645,-0.3100000023841858,0.05999999865889549,
2MASS J18352206-3429112,X0138,2MASS J18352206-3429112,xsl_spectrum_X0138_merged.fits,278.8419167,-34.4864444,4631.0,32.0,2.5199999809265137,0.14000000059604645,-0.09000000357627869,0.05000000074505806,
2MASS J18352834-3444085,X0151,2MASS J18352834-3444085,xsl_spectrum_X0151_merged.fits,278.868125,-34.7356944,4879.0,52.0,1.5399999618530273,0.15000000596046448,-1.5499999523162842,0.07000000029802322,
2MASS J18352834-3444085,X0171,2MASS J18352834-3444085,xsl_spectrum_X0171_merged.fits,278.868125,-34.7356944,4879.0,52.0,1.5399999618530273,0.15000000596046448,-1.5499999523162842,0.07000000029802322,
2MASS J18355679-3434481,X0137,2MASS J18355679-3434481,xsl_spectrum_X0137_merged.fits,278.986625,-34.5800278,4287.0,32.0,1.8600000143051147,0.15000000596046448,-0.8299999833106995,0.05999999865889549,
HD 171496,X0715,HD 171496,xsl_spectrum_X0715_merged.fits,279.0312083,-24.4364722,4924.0,35.0,2.1500000953674316,0.14000000059604645,-0.7599999904632568,0.05999999865889549,
HD 171496,X0716,HD 171496,xsl_spectrum_X0716_merged.fits,279.0312083,-24.4364722,4924.0,35.0,2.1500000953674316,0.14000000059604645,-0.7599999904632568,0.05999999865889549,
HD 171496,X0717,HD 171496,xsl_spectrum_X0717_merged.fits,279.0312083,-24.4364722,4924.0,35.0,2.1500000953674316,0.14000000059604645,-0.7599999904632568,0.05999999865889549,
HD 172230,X0161,HD 172230,xsl_spectrum_X0161_merged.fits,279.7289583,6.2707778,7610.0,151.0,3.440000057220459,0.20999999344348907,0.5600000023841858,0.07000000029802322,
HD 172365,X0680,HD 172365,xsl_spectrum_X0680_merged.fits,279.9036667,5.2642778,5989.0,60.0,1.2999999523162842,0.14000000059604645,0.11999999731779099,0.05999999865889549,
HD 172472,X0471,HD 172472,xsl_spectrum_X0471_merged.fits,280.0178333,7.7628889,4931.0,35.0,1.690000057220459,0.14000000059604645,-0.05000000074505806,0.05000000074505806,
HD 172522,X0655,HD 172522,xsl_spectrum_X0655_merged.fits,280.0942083,8.8684444,8752.0,175.0,3.309999942779541,0.20999999344348907,0.05999999865889549,0.07000000029802322,
HD 172506,X0654,HD 172506,xsl_spectrum_X0654_merged.fits,280.1304167,2.6844444,7096.0,140.0,4.019999980926514,0.20999999344348907,-0.019999999552965164,0.07000000029802322,
HD 172488,X0653,HD 172488,xsl_spectrum_X0653_merged.fits,280.2002083,-8.7187778,19890.0,543.0,3.069999933242798,0.23999999463558197,0.009999999776482582,0.07999999821186066,Possibly He-rich
HD 173073,X0657,HD 173073,xsl_spectrum_X0657_merged.fits,280.860125,3.7856944,8400.0,167.0,3.450000047683716,0.20999999344348907,-0.25999999046325684,0.09000000357627869,
HD 173158,X0162,HD 173158,xsl_spectrum_X0162_merged.fits,280.93875,5.7373889,5268.0,73.0,0.949999988079071,0.1899999976158142,0.2199999988079071,0.10999999940395355,
HD 173369,X0472,HD 173369,xsl_spectrum_X0472_merged.fits,281.15575,7.9776111,8052.0,160.0,3.4600000381469727,0.20999999344348907,0.36000001430511475,0.07000000029802322,
V874 Aql,X0478,V874 Aql,xsl_spectrum_X0478_merged_ncl.fits,281.4211667,9.6440556,3323.0,54.0,0.33000001311302185,0.1899999976158142,0.18000000715255737,0.14000000059604645,O-rich LPV (not C-star as was stated in Nassau and Blanco 1957)
V874 Aql,X0675,V874 Aql,xsl_spectrum_X0675_merged.fits,281.4211667,9.6440556,3323.0,54.0,0.33000001311302185,0.1899999976158142,0.18000000715255737,0.14000000059604645,O-rich LPV (not C-star as was stated in Nassau and Blanco 1957)
HD 173669,X0656,HD 173669,xsl_spectrum_X0656_merged.fits,281.5818333,5.1531111,8841.0,176.0,4.059999942779541,0.20999999344348907,-0.23000000417232513,0.09000000357627869,
G021-024,X0663,G021-024,xsl_spectrum_X0663_merged.fits,281.8635417,-3.6398333,4088.0,43.0,4.619999885559082,0.14000000059604645,-0.20000000298023224,0.05000000074505806,
BH Tel,X0672,BH Tel,xsl_spectrum_X0672_merged.fits,282.382125,-49.9081667,3360.0,34.0,1.0499999523162842,0.14000000059604645,-0.44999998807907104,0.09000000357627869,
HD 174240,X0163,HD 174240,xsl_spectrum_X0163_merged.fits,282.4049583,0.8361944,9262.0,189.0,3.6500000953674316,0.20999999344348907,-0.4000000059604645,0.09000000357627869,
HD 174350,X0658,HD 174350,xsl_spectrum_X0658_merged.fits,282.460125,6.8636389,4781.0,33.0,2.359999895095825,0.14000000059604645,-0.009999999776482582,0.05000000074505806,
HD 174512,X0662,HD 174512,xsl_spectrum_X0662_merged.fits,282.78325,-6.2791667,6743.0,86.0,2.990000009536743,0.20999999344348907,-0.1599999964237213,0.07000000029802322,
HD 174866,X0645,HD 174866,xsl_spectrum_X0645_merged.fits,283.2575417,-9.5755,7971.0,158.0,3.930000066757202,0.20999999344348907,0.03999999910593033,0.07000000029802322,
HD 174966,X0164,HD 174966,xsl_spectrum_X0164_merged.fits,283.282625,1.7554444,7699.0,153.0,3.9100000858306885,0.20999999344348907,0.10000000149011612,0.07000000029802322,
HD 174966,X0220,HD 174966,xsl_spectrum_X0220_merged.fits,283.282625,1.7554444,7699.0,153.0,3.9100000858306885,0.20999999344348907,0.10000000149011612,0.07000000029802322,
HD 174966,X0283,HD 174966,xsl_spectrum_X0283_merged.fits,283.282625,1.7554444,7699.0,153.0,3.9100000858306885,0.20999999344348907,0.10000000149011612,0.07000000029802322,
HD 175058,X0646,HD 175058,xsl_spectrum_X0646_merged.fits,283.483125,-9.3703056,7862.0,156.0,3.009999990463257,0.20999999344348907,-0.27000001072883606,0.09000000357627869,
HD 175181,X0664,HD 175181,xsl_spectrum_X0664_merged.fits,283.6164583,-5.9576111,5026.0,43.0,2.5399999618530273,0.14000000059604645,-0.07999999821186066,0.05999999865889549,
HD 175376,X0667,HD 175376,xsl_spectrum_X0667_merged.fits,283.84025,-5.1409722,4289.0,29.0,2.5899999141693115,0.14000000059604645,0.33000001311302185,0.05000000074505806,
HD 175545,X0165,HD 175545,xsl_spectrum_X0165_merged.fits,283.964375,-0.7394722,4454.0,31.0,2.880000114440918,0.14000000059604645,0.07999999821186066,0.05000000074505806,
HD 175640,X0221,HD 175640,xsl_spectrum_X0221_merged.fits,284.0944167,-1.7998611,12438.0,338.0,3.990000009536743,0.23999999463558197,0.23999999463558197,0.07999999821186066,K-band continuum wavy
HD 175640,X0294,HD 175640,xsl_spectrum_X0294_merged.fits,284.0944167,-1.7998611,12438.0,338.0,3.990000009536743,0.23999999463558197,0.23999999463558197,0.07999999821186066,
HD 175805,X0222,HD 175805,xsl_spectrum_X0222_merged.fits,284.2419583,2.4616667,6253.0,98.0,3.9600000381469727,0.14000000059604645,0.25999999046325684,0.05999999865889549,
HD 175805,X0295,HD 175805,xsl_spectrum_X0295_merged.fits,284.2419583,2.4616667,6253.0,98.0,3.9600000381469727,0.14000000059604645,0.25999999046325684,0.05999999865889549,
HD 175892,X0666,HD 175892,xsl_spectrum_X0666_merged.fits,284.6034583,-22.5294722,9014.0,180.0,4.480000019073486,0.20999999344348907,-0.20000000298023224,0.09000000357627869,
HD 176301,X0676,HD 176301,xsl_spectrum_X0676_merged.fits,284.68775,19.7943889,14552.0,394.0,3.7699999809265137,0.23999999463558197,0.25999999046325684,0.07999999821186066,
HD 176698,X0473,HD 176698,xsl_spectrum_X0473_merged.fits,285.3622083,1.2885556,4977.0,35.0,2.740000009536743,0.14000000059604645,0.07999999821186066,0.05000000074505806,
HD 176851,X0451,HD 176851,xsl_spectrum_X0451_merged.fits,285.6007083,-5.5466944,6834.0,135.0,3.700000047683716,0.20999999344348907,0.41999998688697815,0.07000000029802322,
HD 178287,X0474,HD 178287,xsl_spectrum_X0474_merged.fits,287.0865417,-7.4377222,5857.0,60.0,1.0700000524520874,0.14000000059604645,0.18000000715255737,0.05999999865889549,
HD 179315,X0452,HD 179315,xsl_spectrum_X0452_merged.fits,287.9965417,4.3548333,5940.0,60.0,1.1699999570846558,0.14000000059604645,0.25,0.05999999865889549,
HD 179870,X0207,HD 179870,xsl_spectrum_X0207_merged.fits,288.4732917,9.0332222,4846.0,34.0,2.130000114440918,0.14000000059604645,0.09000000357627869,0.05000000074505806,
HD 179870,X0272,HD 179870,xsl_spectrum_X0272_merged.fits,288.4732917,9.0332222,4846.0,34.0,2.130000114440918,0.14000000059604645,0.09000000357627869,0.05000000074505806,
HD 179821,X0208,HD 179821,xsl_spectrum_X0208_merged_ncge.fits,288.4942083,0.1255278,7231.0,149.0,0.41999998688697815,0.28999999165534973,0.4399999976158142,0.14000000059604645,K-band continuum wavy
HD 179821,X0302,HD 179821,xsl_spectrum_X0302_merged_ncge.fits,288.4942083,0.1255278,7231.0,149.0,0.41999998688697815,0.28999999165534973,0.4399999976158142,0.14000000059604645,
HD 180086,X0475,HD 180086,xsl_spectrum_X0475_merged.fits,288.842875,-6.04975,7123.0,141.0,3.8299999237060547,0.20999999344348907,0.10000000149011612,0.07000000029802322,
GJ 752B,X0209,GJ 752B,xsl_spectrum_X0209_merged.fits,289.2400417,5.1504167,nan,nan,nan,nan,nan,nan,
HD 183085,X0476,HD 183085,xsl_spectrum_X0476_merged.fits,291.9212083,4.7096944,7004.0,139.0,3.8499999046325684,0.20999999344348907,-0.09000000357627869,0.07000000029802322,
CD-24 15398,X0421,CD-24 15398,xsl_spectrum_X0421_merged.fits,293.0865833,-23.8535278,8000.0,148.0,2.8399999141693115,0.20999999344348907,-1.3200000524520874,0.10000000149011612,
HD 184266,X0477,HD 184266,xsl_spectrum_X0477_merged.fits,293.564125,-16.3167222,5935.0,134.0,3.1500000953674316,0.14000000059604645,-1.1299999952316284,0.09000000357627869,
HD 184571,X0679,HD 184571,xsl_spectrum_X0679_merged.fits,293.7575417,4.3113333,6465.0,101.0,4.059999942779541,0.14000000059604645,-0.029999999329447746,0.05999999865889549,
HD 185094,X0668,HD 185094,xsl_spectrum_X0668_merged.fits,294.4321667,-5.0617778,7023.0,139.0,4.130000114440918,0.20999999344348907,0.09000000357627869,0.07000000029802322,
HD 232078,X0210,HD 232078,xsl_spectrum_X0210_merged.fits,294.5502917,16.8071111,4001.0,63.0,0.6299999952316284,0.1899999976158142,-1.6100000143051147,0.14000000059604645,
HD 232078,X0273,HD 232078,xsl_spectrum_X0273_merged.fits,294.5502917,16.8071111,4001.0,63.0,0.6299999952316284,0.1899999976158142,-1.6100000143051147,0.14000000059604645,
HIP 96710,X0665,HIP 96710,xsl_spectrum_X0665_merged.fits,294.9007083,-26.7519444,3665.0,58.0,4.739999771118164,0.14000000059604645,-0.05999999865889549,0.07000000029802322,
HD 186478,X0670,HD 186478,xsl_spectrum_X0670_merged.fits,296.3089167,-17.4908333,4716.0,48.0,1.5700000524520874,0.15000000596046448,-2.309999942779541,0.07000000029802322,
HD 187111,X0669,HD 187111,xsl_spectrum_X0669_merged.fits,297.164875,-12.1221389,4458.0,44.0,1.1200000047683716,0.14000000059604645,-1.6699999570846558,0.07000000029802322,
Y Sge,X0761,Y Sge,xsl_spectrum_X0761_merged.fits,298.378625,18.2413333,3057.0,50.0,0.3700000047683716,0.1899999976158142,-0.25,0.17000000178813934,
NGC 6838 1078,X0494,NGC 6838 1078,xsl_spectrum_X0494_merged.fits,298.4049167,18.7889444,4298.0,29.0,2.0199999809265137,0.14000000059604645,-0.17000000178813934,0.05000000074505806,
NGC 6838 1078,X0748,NGC 6838 1078,xsl_spectrum_X0748_merged.fits,298.4049167,18.7889444,4298.0,29.0,2.0199999809265137,0.14000000059604645,-0.17000000178813934,0.05000000074505806,
CL* NGC 6838 AH A9,X0407,CL* NGC 6838 AH A9,xsl_spectrum_X0407_merged.fits,298.406125,18.7498889,4137.0,28.0,1.5399999618530273,0.14000000059604645,-0.9200000166893005,0.05999999865889549,
CL* NGC 6838 AH A9,X0702,CL* NGC 6838 AH A9,xsl_spectrum_X0702_merged.fits,298.406125,18.7498889,4137.0,28.0,1.5399999618530273,0.14000000059604645,-0.9200000166893005,0.05999999865889549,
NGC 6838 1077,X0493,NGC 6838 1077,xsl_spectrum_X0493_merged.fits,298.4065417,18.7912778,3940.0,33.0,1.4700000286102295,0.14000000059604645,-0.8199999928474426,0.09000000357627869,
NGC 6838 1077,X0746,NGC 6838 1077,xsl_spectrum_X0746_merged.fits,298.4065417,18.7912778,3940.0,33.0,1.4700000286102295,0.14000000059604645,-0.8199999928474426,0.09000000357627869,
NGC 6838 1075,X0741,NGC 6838 1075,xsl_spectrum_X0741_merged.fits,298.4232083,18.7952778,4773.0,39.0,2.4800000190734863,0.15000000596046448,-0.8399999737739563,0.05999999865889549,
NGC 6838 1075,X0742,NGC 6838 1075,xsl_spectrum_X0742_merged_scl.fits,298.4232083,18.7952778,4773.0,39.0,2.4800000190734863,0.15000000596046448,-0.8399999737739563,0.05999999865889549,
NGC 6838 1073,X0735,NGC 6838 1073,xsl_spectrum_X0735_merged.fits,298.42725,18.7856389,4729.0,36.0,2.309999942779541,0.15000000596046448,-0.8799999952316284,0.05999999865889549,
NGC 6838 1073,X0762,NGC 6838 1073,xsl_spectrum_X0762_merged_scl.fits,298.42725,18.7856389,4729.0,36.0,2.309999942779541,0.15000000596046448,-0.8799999952316284,0.05999999865889549,
NGC 6838 1071,X0734,NGC 6838 1071,xsl_spectrum_X0734_merged.fits,298.4322083,18.7926667,4326.0,30.0,1.7899999618530273,0.14000000059604645,-0.8999999761581421,0.05999999865889549,
NGC 6838 1066,X0718,NGC 6838 1066,xsl_spectrum_X0718_merged.fits,298.4385417,18.7820556,4197.0,35.0,1.6299999952316284,0.1599999964237213,-0.8899999856948853,0.07000000029802322,
NGC 6838 1066,X0719,NGC 6838 1066,xsl_spectrum_X0719_merged.fits,298.4385417,18.7820556,4197.0,35.0,1.6299999952316284,0.1599999964237213,-0.8899999856948853,0.07000000029802322,
NGC 6838 1066,X0720,NGC 6838 1066,xsl_spectrum_X0720_merged.fits,298.4385417,18.7820556,4197.0,35.0,1.6299999952316284,0.1599999964237213,-0.8899999856948853,0.07000000029802322,
HD 188262,X0211,HD 188262,xsl_spectrum_X0211_merged.fits,298.441375,16.7780833,5878.0,92.0,3.200000047683716,0.14000000059604645,0.2199999988079071,0.05999999865889549,
HD 188262,X0268,HD 188262,xsl_spectrum_X0268_merged.fits,298.441375,16.7780833,5878.0,92.0,3.200000047683716,0.14000000059604645,0.2199999988079071,0.05999999865889549,
NGC 6838 1063,X0713,NGC 6838 1063,xsl_spectrum_X0713_merged.fits,298.4440417,18.7956111,4582.0,36.0,1.6100000143051147,0.15000000596046448,-0.8899999856948853,0.05999999865889549,
NGC 6838 1063,X0714,NGC 6838 1063,xsl_spectrum_X0714_merged.fits,298.4440417,18.7956111,4582.0,36.0,1.6100000143051147,0.15000000596046448,-0.8899999856948853,0.05999999865889549,
NGC 6838 1037,X0491,NGC 6838 1037,xsl_spectrum_X0491_merged.fits,298.4500833,18.7857222,4501.0,32.0,1.9800000190734863,0.14000000059604645,-0.8999999761581421,0.05999999865889549,
NGC 6838 1037,X0704,NGC 6838 1037,xsl_spectrum_X0704_merged.fits,298.4500833,18.7857222,4501.0,32.0,1.9800000190734863,0.14000000059604645,-0.8999999761581421,0.05999999865889549,
NGC 6838 1037,X0705,NGC 6838 1037,xsl_spectrum_X0705_merged.fits,298.4500833,18.7857222,4501.0,32.0,1.9800000190734863,0.14000000059604645,-0.8999999761581421,0.05999999865889549,
NGC 6838 1039,X0389,NGC 6838 1039,xsl_spectrum_X0389_merged.fits,298.4530833,18.7881667,4996.0,39.0,2.130000114440918,0.15000000596046448,-0.9399999976158142,0.05999999865889549,
NGC 6838 1039,X0706,NGC 6838 1039,xsl_spectrum_X0706_merged_scl.fits,298.4530833,18.7881667,4996.0,39.0,2.130000114440918,0.15000000596046448,-0.9399999976158142,0.05999999865889549,
NGC 6838 1009,X0703,NGC 6838 1009,xsl_spectrum_X0703_merged.fits,298.454375,18.76675,4520.0,31.0,1.4800000190734863,0.14000000059604645,-0.8799999952316284,0.05999999865889549,
NGC 6838 1053,X0712,NGC 6838 1053,xsl_spectrum_X0712_merged.fits,298.461,18.81875,4167.0,29.0,1.5499999523162842,0.14000000059604645,-0.8600000143051147,0.05999999865889549,
CL* NGC 6838 AH A2,X0408,CL* NGC 6838 AH A2,xsl_spectrum_X0408_merged.fits,298.4757917,18.7590833,4697.0,40.0,2.430000066757202,0.15000000596046448,-0.800000011920929,0.05999999865889549,
CL* NGC 6838 AH A2,X0681,CL* NGC 6838 AH A2,xsl_spectrum_X0681_merged.fits,298.4757917,18.7590833,4697.0,40.0,2.430000066757202,0.15000000596046448,-0.800000011920929,0.05999999865889549,
CL* NGC 6838 AH A2,X0701,CL* NGC 6838 AH A2,xsl_spectrum_X0701_merged_scl.fits,298.4757917,18.7590833,4697.0,40.0,2.430000066757202,0.15000000596046448,-0.800000011920929,0.05999999865889549,
HD 188510,X0697,HD 188510,xsl_spectrum_X0697_merged.fits,298.7903333,10.7409444,5531.0,124.0,4.289999961853027,0.14000000059604645,-1.5700000524520874,0.09000000357627869,
HD 189511,X0482,HD 189511,xsl_spectrum_X0482_merged.fits,300.091875,1.6981944,4962.0,34.0,1.8200000524520874,0.14000000059604645,-0.03999999910593033,0.05000000074505806,
HD 190073,X0214,HD 190073,xsl_spectrum_X0214_merged.fits,300.7604583,5.7379444,8065.0,151.0,2.8499999046325684,0.2199999988079071,-1.809999942779541,0.10999999940395355,"Herbig Ae/Be star, numerous emission lines, continuum contribution from cool component in the NIR arm; K-band continuum wavy (prefer X0248)"
HD 190073,X0248,HD 190073,xsl_spectrum_X0248_merged.fits,300.7604583,5.7379444,8065.0,151.0,2.8499999046325684,0.2199999988079071,-1.809999942779541,0.10999999940395355,"Herbig Ae/Be star, numerous emission lines, continuum contribution from cool component in the NIR arm"
HD 190404,X0212,HD 190404,xsl_spectrum_X0212_merged.fits,300.9672083,23.3406667,4983.0,52.0,4.650000095367432,0.14000000059604645,-0.6700000166893005,0.05999999865889549,
HD 190404,X0249,HD 190404,xsl_spectrum_X0249_merged.fits,300.9672083,23.3406667,4983.0,52.0,4.650000095367432,0.14000000059604645,-0.6700000166893005,0.05999999865889549,
HD 190404,X0490,HD 190404,xsl_spectrum_X0490_merged.fits,300.9672083,23.3406667,4983.0,52.0,4.650000095367432,0.14000000059604645,-0.6700000166893005,0.05999999865889549,
HD 190390,X0432,HD 190390,xsl_spectrum_X0432_merged.fits,301.2725417,-11.5994167,6192.0,90.0,1.4900000095367432,0.14000000059604645,-1.1200000047683716,0.07999999821186066,
G024-003,X0480,G024-003,xsl_spectrum_X0480_merged.fits,301.4346667,4.048,6062.0,137.0,4.170000076293945,0.14000000059604645,-1.5399999618530273,0.09000000357627869,
HD 345957,X0213,HD 345957,xsl_spectrum_X0213_merged.fits,302.7006667,23.9651389,5878.0,133.0,3.880000114440918,0.14000000059604645,-1.399999976158142,0.09000000357627869,
HD 191709,X0671,HD 191709,xsl_spectrum_X0671_merged.fits,302.8285833,-0.1264444,6672.0,132.0,3.890000104904175,0.20999999344348907,0.27000001072883606,0.07000000029802322,
HIP 100047,X0736,HIP 100047,xsl_spectrum_X0736_merged.fits,304.46825,-17.2858333,3848.0,50.0,4.619999885559082,0.14000000059604645,-0.11999999731779099,0.07000000029802322,
HIP 100047,X0763,HIP 100047,xsl_spectrum_X0763_merged.fits,304.46825,-17.2858333,3848.0,50.0,4.619999885559082,0.14000000059604645,-0.11999999731779099,0.07000000029802322,
HD 193225,X0483,HD 193225,xsl_spectrum_X0483_merged.fits,304.7529167,2.2333889,7318.0,145.0,4.0,0.20999999344348907,0.09000000357627869,0.07000000029802322,
HD 193326,X0484,HD 193326,xsl_spectrum_X0484_merged.fits,304.9149167,1.9934167,5127.0,44.0,2.799999952316284,0.14000000059604645,-0.25999999046325684,0.07000000029802322,
HD 193281,X0194,HD 193281,xsl_spectrum_X0194_merged_scl.fits,305.1161667,-29.1971944,8634.0,172.0,4.130000114440918,0.20999999344348907,-0.36000001430511475,0.09000000357627869,
HD 193281,X0267,HD 193281,xsl_spectrum_X0267_merged.fits,305.1161667,-29.1971944,8634.0,172.0,4.130000114440918,0.20999999344348907,-0.36000001430511475,0.09000000357627869,
V335 Aql,X0487,V335 Aql,xsl_spectrum_X0487_merged.fits,305.3240833,1.3219167,3430.0,35.0,1.2699999809265137,0.14000000059604645,-0.6100000143051147,0.09000000357627869,
HD 193896,X0195,HD 193896,xsl_spectrum_X0195_merged.fits,305.7532917,-9.6546944,5206.0,44.0,2.549999952316284,0.14000000059604645,-0.07000000029802322,0.05999999865889549,
HD 193896,X0297,HD 193896,xsl_spectrum_X0297_merged.fits,305.7532917,-9.6546944,5206.0,44.0,2.549999952316284,0.14000000059604645,-0.07000000029802322,0.05999999865889549,
HD 194453,X0196,HD 194453,xsl_spectrum_X0196_merged.fits,306.3559583,6.6418056,10489.0,284.0,3.799999952316284,0.23999999463558197,-0.019999999552965164,0.07999999821186066,K-band continuum wavy
HD 194453,X0288,HD 194453,xsl_spectrum_X0288_merged.fits,306.3559583,6.6418056,10489.0,284.0,3.799999952316284,0.23999999463558197,-0.019999999552965164,0.07999999821186066,
HD 195729,X0695,HD 195729,xsl_spectrum_X0695_merged.fits,308.2370417,2.4274722,8143.0,161.0,3.5999999046325684,0.20999999344348907,0.07999999821186066,0.07000000029802322,
HD 196125,X0673,HD 196125,xsl_spectrum_X0673_merged.fits,308.86225,-2.0515278,7246.0,143.0,3.890000104904175,0.20999999344348907,0.019999999552965164,0.07000000029802322,
HD 196218,X0696,HD 196218,xsl_spectrum_X0696_merged.fits,308.928625,3.3029167,6200.0,97.0,4.150000095367432,0.14000000059604645,-0.15000000596046448,0.05999999865889549,
HD 196426,X0199,HD 196426,xsl_spectrum_X0199_merged.fits,309.3265833,0.0969444,13265.0,359.0,3.869999885559082,0.23999999463558197,0.23000000417232513,0.07999999821186066,
HD 196426,X0289,HD 196426,xsl_spectrum_X0289_merged.fits,309.3265833,0.0969444,13265.0,359.0,3.869999885559082,0.23999999463558197,0.23000000417232513,0.07999999821186066,
HD 196892,X0200,HD 196892,xsl_spectrum_X0200_merged.fits,310.20575,-18.7925556,6007.0,135.0,4.079999923706055,0.14000000059604645,-1.0199999809265137,0.09000000357627869,
HD 196892,X0290,HD 196892,xsl_spectrum_X0290_merged.fits,310.20575,-18.7925556,6007.0,135.0,4.079999923706055,0.14000000059604645,-1.0199999809265137,0.09000000357627869,
CD-30 18140,X0682,CD-30 18140,xsl_spectrum_X0682_merged.fits,311.0262083,-30.0021111,6189.0,139.0,4.090000152587891,0.14000000059604645,-1.8600000143051147,0.09000000357627869,
BPS CS 30336-049,X0699,BPS CS 30336-049,xsl_spectrum_X0699_merged.fits,311.3480417,-28.7099722,5933.0,138.0,3.809999942779541,0.15000000596046448,-2.430000066757202,0.09000000357627869,
HD 198140,X0479,HD 198140,xsl_spectrum_X0479_merged_ncge.fits,312.2368333,-19.0191667,nan,nan,nan,nan,nan,nan,
HD 198140,X0738,HD 198140,xsl_spectrum_X0738_merged_ncge.fits,312.2368333,-19.0191667,nan,nan,nan,nan,nan,nan,
HD 198140,X0764,HD 198140,xsl_spectrum_X0764_merged_ncge.fits,312.2368333,-19.0191667,nan,nan,nan,nan,nan,nan,
HIP 103039,X0737,HIP 103039,xsl_spectrum_X0737_merged.fits,313.1375833,-16.9747222,3239.0,52.0,5.0,0.14000000059604645,-0.25999999046325684,0.09000000357627869,
BD-14 5890,X0496,BD-14 5890,xsl_spectrum_X0496_merged.fits,314.0380833,-13.5215556,4941.0,50.0,2.1700000762939453,0.15000000596046448,-2.059999942779541,0.07000000029802322,
HD 200081,X0177,HD 200081,xsl_spectrum_X0177_merged.fits,315.3434167,-2.514,5708.0,90.0,3.740000009536743,0.14000000059604645,0.1899999976158142,0.05999999865889549,
HD 200081,X0292,HD 200081,xsl_spectrum_X0292_merged.fits,315.3434167,-2.514,5708.0,90.0,3.740000009536743,0.14000000059604645,0.1899999976158142,0.05999999865889549,
HD 200494,X0438,HD 200494,xsl_spectrum_X0438_merged.fits,315.9136667,2.92675,4428.0,30.0,2.809999942779541,0.14000000059604645,0.11999999731779099,0.05000000074505806,
HD 200779,X0437,HD 200779,xsl_spectrum_X0437_merged.fits,316.3322917,7.0692778,4206.0,44.0,4.559999942779541,0.14000000059604645,0.009999999776482582,0.05000000074505806,
CD-62 1346,X0412,CD-62 1346,xsl_spectrum_X0412_merged.fits,316.5121667,-61.5623889,5163.0,63.0,1.9600000381469727,0.14000000059604645,-1.5399999618530273,0.07999999821186066,
HD 201053,X0436,HD 201053,xsl_spectrum_X0436_merged.fits,316.770375,5.4433333,4880.0,34.0,2.740000009536743,0.14000000059604645,0.05000000074505806,0.05000000074505806,
HD 201237,X0721,HD 201237,xsl_spectrum_X0721_merged.fits,317.17375,-19.9948333,4782.0,50.0,4.599999904632568,0.14000000059604645,0.03999999910593033,0.05000000074505806,
HD 201237,X0722,HD 201237,xsl_spectrum_X0722_merged.fits,317.17375,-19.9948333,4782.0,50.0,4.599999904632568,0.14000000059604645,0.03999999910593033,0.05000000074505806,
HD 201237,X0723,HD 201237,xsl_spectrum_X0723_merged.fits,317.17375,-19.9948333,4782.0,50.0,4.599999904632568,0.14000000059604645,0.03999999910593033,0.05000000074505806,
HD 201377,X0433,HD 201377,xsl_spectrum_X0433_merged.fits,317.3167083,-0.2349167,8208.0,163.0,3.8499999046325684,0.20999999344348907,0.029999999329447746,0.07000000029802322,
HD 201626,X0197,HD 201626,xsl_spectrum_X0197_merged_ncge.fits,317.4969583,26.6152778,4850.0,63.0,1.75,0.18000000715255737,-1.75,0.09000000357627869,
HD 201626,X0274,HD 201626,xsl_spectrum_X0274_merged.fits,317.4969583,26.6152778,4850.0,63.0,1.75,0.18000000715255737,-1.75,0.09000000357627869,
HD 202851,X0435,HD 202851,xsl_spectrum_X0435_merged_ncge.fits,319.6812083,-1.53425,4772.0,32.0,1.7000000476837158,0.14000000059604645,-0.8500000238418579,0.05999999865889549,
HD 202851,X0750,HD 202851,xsl_spectrum_X0750_merged_ncge.fits,319.6812083,-1.53425,4772.0,32.0,1.7000000476837158,0.14000000059604645,-0.8500000238418579,0.05999999865889549,
G187-40,X0198,G187-40,xsl_spectrum_X0198_merged.fits,320.490625,27.4528611,5846.0,132.0,4.269999980926514,0.14000000059604645,-1.5099999904632568,0.09000000357627869,
HD 204041,X0178,HD 204041,xsl_spectrum_X0178_merged.fits,321.4649167,0.5343333,8470.0,168.0,4.380000114440918,0.20999999344348907,-0.41999998688697815,0.09000000357627869,
HD 204041,X0291,HD 204041,xsl_spectrum_X0291_merged.fits,321.4649167,0.5343333,8470.0,168.0,4.380000114440918,0.20999999344348907,-0.41999998688697815,0.09000000357627869,
HD 204155,X0179,HD 204155,xsl_spectrum_X0179_merged.fits,321.6787917,5.4416389,5695.0,89.0,3.9000000953674316,0.14000000059604645,-0.7599999904632568,0.07000000029802322,
HD 204155,X0275,HD 204155,xsl_spectrum_X0275_merged.fits,321.6787917,5.4416389,5695.0,89.0,3.9000000953674316,0.14000000059604645,-0.7599999904632568,0.07000000029802322,
HD 204543,X0446,HD 204543,xsl_spectrum_X0446_merged.fits,322.3675417,-3.5153611,4516.0,71.0,0.9900000095367432,0.1899999976158142,-2.059999942779541,0.14000000059604645,
HD 204587,X0434,HD 204587,xsl_spectrum_X0434_merged.fits,322.5115,-12.5100556,4091.0,43.0,4.630000114440918,0.14000000059604645,-0.10999999940395355,0.05000000074505806,
HD 204587,X0439,HD 204587,xsl_spectrum_X0439_merged.fits,322.5115,-12.5100556,4091.0,43.0,4.630000114440918,0.14000000059604645,-0.10999999940395355,0.05000000074505806,
NGC 7078 1079,X0388,NGC 7078 1079,xsl_spectrum_X0388_merged.fits,322.56525,12.1397222,4638.0,53.0,1.350000023841858,0.1599999964237213,-2.3499999046325684,0.07000000029802322,
HD 205202,X0175,HD 205202,xsl_spectrum_X0175_merged.fits,323.2618333,30.3597222,6572.0,132.0,4.119999885559082,0.2199999988079071,-0.4699999988079071,0.09000000357627869,
HD 205202,X0276,HD 205202,xsl_spectrum_X0276_merged.fits,323.2618333,30.3597222,6572.0,132.0,4.119999885559082,0.2199999988079071,-0.4699999988079071,0.09000000357627869,
HD 205555,X0485,HD 205555,xsl_spectrum_X0485_merged.fits,323.9954167,6.0739444,7257.0,144.0,3.700000047683716,0.20999999344348907,0.2199999988079071,0.07000000029802322,
HD 205734,X0727,HD 205734,xsl_spectrum_X0727_merged.fits,324.3087083,5.8513889,7947.0,158.0,3.680000066757202,0.20999999344348907,-0.019999999552965164,0.07000000029802322,
HD 205734,X0728,HD 205734,xsl_spectrum_X0728_merged.fits,324.3087083,5.8513889,7947.0,158.0,3.680000066757202,0.20999999344348907,-0.019999999552965164,0.07000000029802322,
HD 205734,X0729,HD 205734,xsl_spectrum_X0729_merged.fits,324.3087083,5.8513889,7947.0,158.0,3.680000066757202,0.20999999344348907,-0.019999999552965164,0.07000000029802322,
G188-22,X0176,G188-22,xsl_spectrum_X0176_merged.fits,325.988,27.3899722,6074.0,137.0,4.139999866485596,0.14000000059604645,-1.340000033378601,0.09000000357627869,
BD-09 5831,X0700,BD-09 5831,xsl_spectrum_X0700_merged.fits,326.3771667,-8.4097778,4716.0,49.0,1.559999942779541,0.15000000596046448,-1.7699999809265137,0.07000000029802322,
HD 207222,X0730,HD 207222,xsl_spectrum_X0730_merged.fits,326.7344167,21.2974167,9489.0,191.0,4.570000171661377,0.20999999344348907,-0.36000001430511475,0.09000000357627869,
HD 207222,X0731,HD 207222,xsl_spectrum_X0731_merged.fits,326.7344167,21.2974167,9489.0,191.0,4.570000171661377,0.20999999344348907,-0.36000001430511475,0.09000000357627869,
HD 207222,X0732,HD 207222,xsl_spectrum_X0732_merged.fits,326.7344167,21.2974167,9489.0,191.0,4.570000171661377,0.20999999344348907,-0.36000001430511475,0.09000000357627869,
HD 207795,X0486,HD 207795,xsl_spectrum_X0486_merged.fits,327.9142917,0.8493889,5302.0,69.0,4.570000171661377,0.14000000059604645,0.12999999523162842,0.05999999865889549,
HD 209290,X0201,HD 209290,xsl_spectrum_X0201_merged.fits,330.5428333,1.4002222,3731.0,59.0,4.730000019073486,0.14000000059604645,-0.15000000596046448,0.07000000029802322,
HD 209290,X0277,HD 209290,xsl_spectrum_X0277_merged.fits,330.5428333,1.4002222,3731.0,59.0,4.730000019073486,0.14000000059604645,-0.15000000596046448,0.07000000029802322,
DG Peg,X0492,DG Peg,xsl_spectrum_X0492_merged.fits,330.8913333,14.0086667,3115.0,52.0,0.7699999809265137,0.20000000298023224,-0.5099999904632568,0.18000000715255737,
HD 210295,X0441,HD 210295,xsl_spectrum_X0441_merged.fits,332.4227083,-13.6053889,4823.0,49.0,2.1500000953674316,0.15000000596046448,-1.3300000429153442,0.07000000029802322,
BD+17 4708,X0743,BD+17 4708,xsl_spectrum_X0743_merged_scl.fits,332.88075,18.0928056,6186.0,139.0,4.150000095367432,0.14000000059604645,-1.4800000190734863,0.09000000357627869,
BD+17 4708,X0745,BD+17 4708,xsl_spectrum_X0745_merged_ncl.fits,332.88075,18.0928056,6186.0,139.0,4.150000095367432,0.14000000059604645,-1.4800000190734863,0.09000000357627869,
BD+17 4708,X0774,BD+17 4708,xsl_spectrum_X0774_merged_scl.fits,332.88075,18.0928056,6186.0,139.0,4.150000095367432,0.14000000059604645,-1.4800000190734863,0.09000000357627869,
HD 211075,X0447,HD 211075,xsl_spectrum_X0447_merged.fits,333.5835,18.0203611,4349.0,30.0,1.9900000095367432,0.14000000059604645,-0.38999998569488525,0.05999999865889549,
G018-039,X0445,G018-039,xsl_spectrum_X0445_merged.fits,334.652125,8.4458056,6095.0,137.0,4.150000095367432,0.14000000059604645,-1.4199999570846558,0.09000000357627869,
HD 212516,X0495,HD 212516,xsl_spectrum_X0495_merged.fits,336.1435,16.1501111,3692.0,38.0,1.340000033378601,0.14000000059604645,-0.3700000047683716,0.09000000357627869,
2MASS J22244381-0158521,X0215,2MASS J22244381-0158521,xsl_spectrum_X0215_merged_ncl_ncge.fits,336.1825833,-1.9811389,nan,nan,nan,nan,nan,nan,
HD 213042,X0430,HD 213042,xsl_spectrum_X0430_merged.fits,337.3135,-30.0183889,4475.0,47.0,4.349999904632568,0.14000000059604645,0.09000000357627869,0.05000000074505806,
HD 214080,X0443,HD 214080,xsl_spectrum_X0443_merged.fits,339.0268333,-16.3879722,20100.0,547.0,3.049999952316284,0.23999999463558197,-0.009999999776482582,0.07999999821186066,
GJ 866,X0202,GJ 866,xsl_spectrum_X0202_merged_ncl.fits,339.6405417,-15.29925,2827.0,45.0,5.090000152587891,0.14000000059604645,-0.029999999329447746,0.07000000029802322,
HD 215578,X0787,HD 215578,xsl_spectrum_X0787_merged.fits,341.493375,19.25025,5006.0,43.0,2.9700000286102295,0.14000000059604645,0.1599999964237213,0.05999999865889549,
HD 215578,X0788,HD 215578,xsl_spectrum_X0788_merged.fits,341.493375,19.25025,5006.0,43.0,2.9700000286102295,0.14000000059604645,0.1599999964237213,0.05999999865889549,
HD 215578,X0789,HD 215578,xsl_spectrum_X0789_merged.fits,341.493375,19.25025,5006.0,43.0,2.9700000286102295,0.14000000059604645,0.1599999964237213,0.05999999865889549,
HD 216143,X0444,HD 216143,xsl_spectrum_X0444_merged.fits,342.6295417,-6.91375,4661.0,48.0,1.399999976158142,0.15000000596046448,-2.0399999618530273,0.07000000029802322,
HD 216219,X0216,HD 216219,xsl_spectrum_X0216_merged.fits,342.7172917,18.0021389,5614.0,58.0,2.869999885559082,0.14000000059604645,-0.4300000071525574,0.07000000029802322,
HD 216219,X0278,HD 216219,xsl_spectrum_X0278_merged.fits,342.7172917,18.0021389,5614.0,58.0,2.869999885559082,0.14000000059604645,-0.4300000071525574,0.07000000029802322,
HD 217357,X0413,HD 217357,xsl_spectrum_X0413_merged.fits,345.0671667,-22.5243333,3958.0,52.0,4.599999904632568,0.14000000059604645,-0.07999999821186066,0.07000000029802322,
HD 217877,X0217,HD 217877,xsl_spectrum_X0217_merged.fits,345.988625,-4.7948611,5877.0,92.0,4.150000095367432,0.14000000059604645,-0.18000000715255737,0.05999999865889549,
HD 217877,X0279,HD 217877,xsl_spectrum_X0279_merged.fits,345.988625,-4.7948611,5877.0,92.0,4.150000095367432,0.14000000059604645,-0.18000000715255737,0.05999999865889549,
HD 218502,X0414,HD 218502,xsl_spectrum_X0414_merged.fits,347.1640417,-15.0533056,6174.0,139.0,4.079999923706055,0.14000000059604645,-1.75,0.09000000357627869,
HD 218566,X0739,HD 218566,xsl_spectrum_X0739_merged.fits,347.2947083,-2.2607222,4746.0,49.0,4.460000038146973,0.14000000059604645,0.15000000596046448,0.05000000074505806,
HD 218566,X0751,HD 218566,xsl_spectrum_X0751_merged.fits,347.2947083,-2.2607222,4746.0,49.0,4.460000038146973,0.14000000059604645,0.15000000596046448,0.05000000074505806,
HD 218857,X0415,HD 218857,xsl_spectrum_X0415_merged.fits,347.8524583,-16.2511111,5107.0,63.0,2.5799999237060547,0.14000000059604645,-1.899999976158142,0.07999999821186066,
G029-023,X0223,G029-023,xsl_spectrum_X0223_merged.fits,349.9185417,3.3712778,6132.0,138.0,4.079999923706055,0.14000000059604645,-1.690000057220459,0.09000000357627869,
Feige 110,X0758,Feige 110,xsl_spectrum_X0758_merged_ncl_ncge.fits,349.9933333,-5.1655833,nan,nan,nan,nan,nan,nan,"S/N ratio poor in NIR, use average"
Feige 110,X0766,Feige 110,xsl_spectrum_X0766_merged_ncl_ncge.fits,349.9933333,-5.1655833,nan,nan,nan,nan,nan,nan,"S/N ratio poor in NIR, use average"
Feige 110,X0790,Feige 110,xsl_spectrum_X0790_merged_ncl_ncge.fits,349.9933333,-5.1655833,nan,nan,nan,nan,nan,nan,"S/N ratio poor in NIR, use average"
HD 220662,X0416,HD 220662,xsl_spectrum_X0416_merged.fits,351.4234583,-23.9390556,4607.0,46.0,1.2899999618530273,0.14000000059604645,-1.809999942779541,0.07000000029802322,
HD 220838,X0417,HD 220838,xsl_spectrum_X0417_merged.fits,351.8186667,-26.9828056,4445.0,44.0,1.0299999713897705,0.14000000059604645,-1.75,0.07000000029802322,
HD 221170,X0442,HD 221170,xsl_spectrum_X0442_merged.fits,352.3700417,30.4327222,4597.0,49.0,1.2699999809265137,0.15000000596046448,-2.0399999618530273,0.07000000029802322,
HD 221149,X0749,HD 221149,xsl_spectrum_X0749_merged.fits,352.4014167,-6.83575,5867.0,92.0,3.9100000858306885,0.14000000059604645,0.15000000596046448,0.05999999865889549,
BD+19 5116B,X0440,BD+19 5116B,xsl_spectrum_X0440_merged.fits,352.9690417,19.9372222,2900.0,46.0,4.909999847412109,0.14000000059604645,-0.11999999731779099,0.07000000029802322,
HD 222434,X0752,HD 222434,xsl_spectrum_X0752_merged.fits,355.1729583,-34.69625,4504.0,44.0,1.1200000047683716,0.14000000059604645,-1.809999942779541,0.07000000029802322,
LP 731-58,MD001,LP 731-58,xsl_spectrum_MD001_merged_ncl_ncge.fits,162.05475,-11.3403889,nan,nan,nan,nan,nan,nan,
LTT 2544,MD002,LTT 2544,xsl_spectrum_MD002_merged_scl.fits,96.017625,-45.9372222,nan,nan,nan,nan,nan,nan,
HD 50281B,MD003,HD 50281B,xsl_spectrum_MD003_merged_scl.fits,103.0740417,-5.1898056,nan,nan,nan,nan,nan,nan,
* 18 Pup B,MD004,* 18 Pup B,xsl_spectrum_MD004_merged_scl.fits,122.6429583,-13.8142222,nan,nan,nan,nan,nan,nan,
L 442-13,MD005,L 442-13,xsl_spectrum_MD005_merged_scl.fits,43.5127083,-35.9152222,nan,nan,nan,nan,nan,nan,
G 272-119,MD006,G 272-119,xsl_spectrum_MD006_merged_scl.fits,28.5890833,-15.7306944,nan,nan,nan,nan,nan,nan,
* omi02 Eri C,MD007,* omi02 Eri C,xsl_spectrum_MD007_merged_scl.fits,63.8329167,-7.6670278,nan,nan,nan,nan,nan,nan,
G 83-29,MD008,G 83-29,xsl_spectrum_MD008_merged_scl.fits,69.9302917,9.8623056,nan,nan,nan,nan,nan,nan,
HD 31412B,MD009,HD 31412B,xsl_spectrum_MD009_merged_scl.fits,73.9771667,4.6711389,nan,nan,nan,nan,nan,nan,Bad telluric correction
LP 659-4,MD010,LP 659-4,xsl_spectrum_MD010_merged_scl.fits,89.57375,-4.6338333,nan,nan,nan,nan,nan,nan,
G 102-4,MD011,G 102-4,xsl_spectrum_MD011_merged_scl.fits,82.2359583,12.5313611,nan,nan,nan,nan,nan,nan,
HD 38529B,MD012,HD 38529B,xsl_spectrum_MD012_merged_scl.fits,86.5800833,1.2135833,nan,nan,nan,nan,nan,nan,
G 106-36,MD013,G 106-36,xsl_spectrum_MD013_merged_scl.fits,94.2939167,5.1186944,nan,nan,nan,nan,nan,nan,
HD 46375B,MD014,HD 46375B,xsl_spectrum_MD014_merged_scl.fits,98.3010833,5.4651667,nan,nan,nan,nan,nan,nan,
GJ 768.1 B,MD017,GJ 768.1 B,xsl_spectrum_MD017_merged_scl.fits,297.7545833,10.4102222,nan,nan,nan,nan,nan,nan,
G 143-35,MD018,G 143-35,xsl_spectrum_MD018_merged_scl.fits,302.8039167,16.1864167,nan,nan,nan,nan,nan,nan,
LP 703-44,MD020,LP 703-44,xsl_spectrum_MD020_merged_scl.fits,355.4380417,-5.9713056,nan,nan,nan,nan,nan,nan,
V* V645 Cen,MD021,V* V645 Cen,xsl_spectrum_MD021_merged_scl.fits,217.3985833,-62.6761111,nan,nan,nan,nan,nan,nan,
HD 125455B,MD022,HD 125455B,xsl_spectrum_MD022_merged_scl.fits,214.8967083,-5.1520556,nan,nan,nan,nan,nan,nan,
HD 115404B,MD023,HD 115404B,xsl_spectrum_MD023_merged_ncl_ncge.fits,199.217625,17.0165278,nan,nan,nan,nan,nan,nan,
